1, Adalyn Randolph, 2011/05/23, 8672 Prince St., Midland, 48640,  MI, 449 217 3244
2, Karlee Lawrence, 1982/08/16, 5 Andover Ave., Port Charlotte, 33952,  FL, 660 676 8953
3, Brielle Crosby, 1984/01/25, 372 Sheffield Drive, North Ridgeville, 44039,  OH, 658 571 3790
4, Miya Glenn, 1997/06/5, 22 Selby Ave., Ottumwa, 52501,  IA, 791 781 4398
5, Alivia Harrington, 1902/09/26, 380 E. Newbridge Ave., Fuquay Varina, 27526,  NC, 316 224 9365
6, Erin Odom, 1940/05/29, 7369 S. Oakland Lane, Fort Walton Beach, 32547,  FL, 389 931 3475
7, Easton Kidd, 1985/01/12, 353 Longfellow Dr., Providence, 2904,  RI, 792 503 0254
8, Amber Shepard, 1992/09/12, 135 Stonybrook Lane, Wethersfield, 6109,  CT, 333 564 3339
9, Giovanny Barrera, 2015/01/13, 98 West Wakehurst Drive, Apex, 27502,  NC, 435 544 1200
10, Kylan Oconnell, 1902/09/8, 825C Ketch Harbour St., Billerica, 1821,  MA, 331 753 9791
11, Demarion Carr, 1979/06/11, 7237 Shub Farm Ave., West Orange, 7052,  NJ, 885 961 1533
12, John Cummings, 2010/04/11, 9936 Summit St., Rockledge, 32955,  FL, 544 961 3161
13, Gavin Hogan, 2006/10/1, 892 Madison Ave., Riverdale, 30274,  GA, 371 861 4342
14, Janessa Bullock, 1972/07/29, 180 Wentworth Street, Cantonment, 32533,  FL, 925 515 3029
15, Amaris Jenkins, 2008/02/16, 9827 East Second St., Campbell, 95008,  CA, 677 599 6210
16, Mareli Barnett, 1943/02/8, 726 Randall Mill Road, New Rochelle, 10801,  NY, 376 593 6607
17, Helena Morse, 1945/08/5, 824 Bridle Lane, Ankeny, 50023,  IA, 743 631 4307
18, Hugo Gould, 1932/04/29, 2 Center Ave., Dekalb, 60115,  IL, 410 695 3260
19, Isaias Sanford, 1911/08/15, 8032 Lyme Ave., Cary, 27511,  NC, 861 384 5260
20, Everett Shaffer, 1977/03/31, 914 Applegate Rd., Adrian, 49221,  MI, 947 611 7247
21, Gerald Hobbs, 1985/09/29, 7185 Littleton Ave., Glendale Heights, 60139,  IL, 212 451 0276
22, Damarion Bautista, 1922/01/31, 4 S. Prospect Dr., Ocoee, 34761,  FL, 264 624 9595
23, Theodore Daniel, 1994/12/16, 8456 S. Mayfield Ave., Parkersburg, 26101,  WV, 477 860 8494
24, Tyrell Kaiser, 1908/12/19, 7673 Winding Way Drive, Dawsonville, 30534,  GA, 889 357 9924
25, Isabel David, 1929/04/14, 259 N. Boston Road, Palatine, 60067,  IL, 693 920 0898
26, Rylie Everett, 1973/10/25, 8941 4th Dr., Buckeye, 85326,  AZ, 594 907 9675
27, Maci Charles, 1924/03/11, 9566 Rockcrest Ave., Madison, 35758,  AL, 730 211 3147
28, Miranda Ingram, 1930/10/2, 192 Sierra Ave., Waynesboro, 17268,  PA, 327 683 4309
29, Armani Novak, 1951/05/5, 36 Cottage St., South Windsor, 6074,  CT, 314 843 7419
30, Angelo Walter, 1913/01/30, 69 Glen Eagles Street, Yorktown, 23693,  VA, 819 529 5546
31, Bobby Byrd, 1934/04/26, 8 West Woodsman Ave., Macon, 31204,  GA, 366 809 0700
32, Maverick Wise, 1903/01/27, 85 Orchard Drive, Norman, 73072,  OK, 572 679 0173
33, Jayden Hardy, 2013/07/20, 947 N. Pulaski Street, Nashua, 3060,  NH, 485 829 2819
34, Neil Gibbs, 1952/11/3, 72 Pin Oak St., Simpsonville, 29680,  SC, 489 436 1204
35, Kash Hicks, 1968/03/26, 663 W. Jennings Ave., Bloomfield, 7003,  NJ, 549 741 4074
36, Alvaro Wallace, 1962/10/21, 20 Cleveland Dr., Port Orange, 32127,  FL, 858 736 5380
37, Bruno Rivera, 1967/06/21, 63 10th Lane, Glen Cove, 11542,  NY, 490 936 4559
38, Kareem Collier, 1948/07/1, 8310 S. Indian Summer Ave., Greensboro, 27405,  NC, 915 932 4432
39, Lexi Moss, 1946/03/18, 706 Creekside Court, Snohomish, 98290,  WA, 470 754 4909
40, Karli Weaver, 1921/06/17, 554 Newport St., Ypsilanti, 48197,  MI, 472 844 0088
41, Marley Duke, 2008/07/2, 1 Lake View Rd., Chandler, 85224,  AZ, 678 969 7661
42, Trinity Davila, 2010/04/1, 795 Clay St., Niles, 49120,  MI, 656 867 6967
43, Alexus Hamilton, 1907/03/22, 73 Elizabeth Rd., La Porte, 46350,  IN, 220 460 7462
44, Nathanial Zamora, 2017/10/11, 743 Fairway Avenue, Newton, 7860,  NJ, 957 272 7197
45, Kael Hull, 2017/07/6, 570 Fieldstone Street, Traverse City, 49684,  MI, 667 898 5566
46, Leah Blanchard, 1902/10/25, 386 2nd Dr., Round Lake, 60073,  IL, 324 566 9424
47, Kelton Fernandez, 1917/11/8, 8051 Brickyard Ave., Marquette, 49855,  MI, 877 451 7168
48, Jimena Douglas, 1928/10/29, 9282 Bishop St., Stevens Point, 54481,  WI, 977 230 4971
49, Marc Wilkins, 2000/02/18, 3 West Henry Smith Street, Fullerton, 92831,  CA, 794 535 7496
50, Braxton Wilkins, 1962/04/18, 13 Miller St., Lititz, 17543,  PA, 846 678 7716
51, Gerald Parks, 1968/12/28, 323 W. Pierce St., Reno, 89523,  NV, 387 869 3560
52, Rylee Skinner, 1998/07/22, 8559 Arcadia Circle, Fort Lauderdale, 33308,  FL, 464 930 3416
53, Mark Montes, 1906/09/29, 430 W. Marconi Dr., Clarksburg, 26301,  WV, 591 339 5217
54, Cristofer Graves, 1903/09/25, 55 Prince Avenue, Ellenwood, 30294,  GA, 485 678 0282
55, Bridget Cobb, 1907/05/12, 95 E. Garfield Street, Port Jefferson Station, 11776,  NY, 536 385 6407
56, Camila Brock, 1970/07/12, 7618 Columbia Ave., Cumming, 30040,  GA, 655 465 4693
57, Gaven Wilkerson, 1934/02/16, 7573 Longfellow St., Fenton, 48430,  MI, 428 307 9065
58, Jorge Woods, 1910/03/28, 7628 Selby Drive, Royersford, 19468,  PA, 584 915 6419
59, Daniela Little, 1963/12/26, 19 Shore St., North Kingstown, 2852,  RI, 539 881 6656
60, Memphis Morton, 1938/07/12, 8891 East Spring Road, Howell, 7731,  NJ, 307 554 3105
61, Ezequiel Rojas, 1981/09/17, 55 Grand Drive, Greer, 29650,  SC, 487 401 6394
62, Raven Meyer, 1998/02/24, 7489 South Charles Road, Greenwood, 29646,  SC, 464 448 2401
63, Ava Hunt, 1911/04/12, 2 Prince St., Zeeland, 49464,  MI, 246 575 7620
64, Cora Wise, 1968/12/28, 243 Rockcrest Ave., Grove City, 43123,  OH, 392 913 7426
65, Cecilia Gross, 1917/04/12, 923 Bridge Road, Wausau, 54401,  WI, 227 573 4520
66, Destinee Macdonald, 1999/03/25, 499 Smoky Hollow St., Grand Island, 68801,  NE, 259 216 2437
67, Saniya Leblanc, 1912/02/13, 64 S. Mammoth St., Alliance, 44601,  OH, 796 975 1562
68, Gianni Parsons, 1913/02/5, 2 Dunbar Street, Holbrook, 11741,  NY, 206 702 1227
69, Susan Fry, 1938/03/21, 10 4th St., Bay City, 48706,  MI, 873 829 0536
70, Jenna Shea, 1918/04/19, 466 Heritage St., Richardson, 75080,  TX, 581 414 8298
71, Kenley Barajas, 1928/03/30, 6 New Drive, Naugatuck, 6770,  CT, 899 596 6900
72, Uriel Jensen, 1907/05/4, 8971 S. Edgefield Drive, Anoka, 55303,  MN, 673 772 1854
73, Talia Huber, 1996/05/23, 7683 Beacon Drive, Andover, 1810,  MA, 292 356 4649
74, Morgan Kaiser, 1966/12/13, 66 Glen Eagles St., Wallingford, 6492,  CT, 585 420 0379
75, Kian Grant, 1991/09/27, 81 Lancaster Drive, Sterling, 20164,  VA, 701 847 9757
76, Shea Cowan, 1938/05/24, 11 North Kent Dr., Oakland Gardens, 11364,  NY, 210 618 8840
77, Jonas Norris, 1956/03/2, 7369 N. Airport Road, Brentwood, 11717,  NY, 649 356 8358
78, Jaelynn Gross, 1997/06/18, 19 Summer St., West Chester, 19380,  PA, 364 892 5395
79, Brittany Perry, 1941/10/29, 7803 W. Garden Street, Harrisonburg, 22801,  VA, 611 282 1366
80, Yasmine Barnes, 1906/10/27, 9221 Southampton Drive, Oak Forest, 60452,  IL, 275 926 6211
81, Sidney Coleman, 2009/05/3, 485 Wilson Rd., Middletown, 6457,  CT, 983 418 4386
82, Anaya Bautista, 1989/08/12, 9567 Boston Court, Merrillville, 46410,  IN, 442 649 0830
83, Reuben Estes, 1975/03/26, 3 Mill Pond St., Orlando, 32806,  FL, 567 564 5934
84, Denzel Mendoza, 2014/07/9, 895 Baker Court, Matthews, 28104,  NC, 994 932 2860
85, Darwin Wiggins, 2000/12/31, 8234 Smoky Hollow St., Roy, 84067,  UT, 691 593 9796
86, Aliza Tucker, 1955/05/25, 171 Academy St., Muncie, 47302,  IN, 403 368 9154
87, Maurice Moore, 2004/09/13, 4 Glenridge Dr., Garden City, 11530,  NY, 715 231 3640
88, Parker Delgado, 2011/01/7, 185 N. Randall Mill St., Downers Grove, 60515,  IL, 842 855 2065
89, Sebastian Waller, 1935/02/27, 906 Addison St., Hartselle, 35640,  AL, 931 380 7029
90, Madilynn Flowers, 1907/09/28, 8026 Arcadia St., Lake Charles, 70605,  LA, 632 395 8585
91, Dennis Mendez, 1902/08/3, 44 North Country Circle, Concord, 3301,  NH, 624 673 2947
92, Lydia Ray, 1921/09/10, 86 Rockledge Court, Scarsdale, 10583,  NY, 837 437 9704
93, Lucille Hoffman, 1923/05/28, 8378 County Street, Zion, 60099,  IL, 775 934 2557
94, Kiera Cowan, 1990/09/5, 25 Bellevue Street, Menomonee Falls, 53051,  WI, 377 446 5683
95, Yurem Greer, 1942/11/17, 747 Andover Avenue, Astoria, 11102,  NY, 623 401 5096
96, Hayden Coffey, 1926/12/16, 125 Cemetery Dr., Lebanon, 17042,  PA, 873 960 1124
97, Rex Macdonald, 1926/08/13, 67 Woodsman Ave., Paramus, 7652,  NJ, 840 609 5630
98, Alexis Rowland, 1992/11/7, 9295 Jones Street, Barberton, 44203,  OH, 470 895 5152
99, Sandra Armstrong, 2005/07/24, 62 Bald Hill St., La Crosse, 54601,  WI, 613 624 6827
100, Ayana Durham, 1950/06/25, 361 South Ave., Edison, 8817,  NJ, 286 928 5533
101, Camden Robertson, 1992/04/9, 8113 Valley Farms Street, Fair Lawn, 7410,  NJ, 905 422 1509
102, Cassandra Tran, 1963/07/21, 89 Prospect St., South Richmond Hill, 11419,  NY, 661 235 6655
103, Zaid Short, 1967/09/23, 8716 Princess St., Victoria, 77904,  TX, 813 335 9268
104, Cassius Quinn, 1962/05/26, 42 Manor Station Lane, Cumberland, 2864,  RI, 205 774 9549
105, Camilla Boyle, 1919/09/4, 389 Beach Drive, Monroeville, 15146,  PA, 497 796 3647
106, Hugo Patterson, 1977/06/17, 67 Marconi Court, Oswego, 13126,  NY, 554 753 2602
107, Dexter Martin, 1905/05/2, 4 Arnold Street, Westford, 1886,  MA, 345 479 7456
108, Ricky Mccormick, 1984/11/8, 7181 Adams Lane, Bridgeton, 8302,  NJ, 250 850 8498
109, Rodolfo Valdez, 2009/02/13, 773 Amerige Rd., Vernon Rockville, 6066,  CT, 471 390 4538
110, Eden Tucker, 1959/03/12, 97 Illinois Ave., Leesburg, 20175,  VA, 223 960 3732
111, Cynthia Kent, 1980/06/16, 9047 Sussex Drive, Arvada, 80003,  CO, 358 724 7134
112, Nash Burton, 2008/08/28, 34 Lilac Lane, North Canton, 44720,  OH, 220 803 3839
113, Aaden Meadows, 1935/07/16, 8878 West Silver Spear Lane, Bettendorf, 52722,  IA, 984 779 4658
114, Ashtyn Klein, 1998/05/21, 431 Wakehurst Drive, New Albany, 47150,  IN, 758 425 8440
115, Miriam Delacruz, 2005/02/24, 57 Creek Dr., Aliquippa, 15001,  PA, 545 930 3557
116, Leslie Bell, 1958/12/6, 30 Sherman Road, Parsippany, 7054,  NJ, 591 536 2989
117, Marcel Kirby, 1944/09/20, 781 North Lees Creek Drive, Rockaway, 7866,  NJ, 417 770 7749
118, Amina Hatfield, 2014/01/5, 382 Sleepy Hollow Ave., Calhoun, 30701,  GA, 876 263 9960
119, Lawson Odom, 1902/07/30, 72 Birchpond Avenue, Owatonna, 55060,  MN, 652 302 9741
120, Adonis Buckley, 1994/07/7, 304 N. Heather Rd., East Haven, 6512,  CT, 911 777 8994
121, Leila Kemp, 1903/03/15, 9 Oakland St., Manchester, 3102,  NH, 310 987 9053
122, Andrea Walsh, 1940/08/30, 9 Honey Creek Drive, Orange Park, 32065,  FL, 952 614 9778
123, Lia Lewis, 1998/02/7, 82 Philmont Ave., Doylestown, 18901,  PA, 259 581 3134
124, Nickolas Singleton, 1999/09/4, 6 Shady Street, Jacksonville, 28540,  NC, 217 290 8944
125, Dawson Monroe, 1902/04/27, 7068 Court Ave., Uniondale, 11553,  NY, 588 687 5516
126, Martin Myers, 1916/03/26, 9924 E. Hawthorne Court, Capitol Heights, 20743,  MD, 245 954 9189
127, Clinton Craig, 1928/08/31, 302 San Juan Rd., Port Saint Lucie, 34952,  FL, 434 750 0594
128, Jade Daniel, 1985/01/15, 31 Queen Dr., Kennewick, 99337,  WA, 320 848 7269
129, Aryana Castaneda, 1975/01/30, 75 Golden Star Dr., Chatsworth, 30705,  GA, 352 487 9572
130, Andrea Peck, 1996/02/29, 23 Colonial Dr., Shepherdsville, 40165,  KY, 683 755 7935
131, Deanna Kaiser, 1946/09/23, 746 E. Bear Hill Street, Mooresville, 28115,  NC, 278 685 7111
132, Brittany Tapia, 1997/07/18, 95 East Temple Lane, Gibsonia, 15044,  PA, 473 936 6574
133, Jaylene Hall, 1934/09/19, 852 Ridge St., Reston, 20191,  VA, 914 351 3530
134, Rogelio Spencer, 1936/09/7, 162 S. Briarwood Road, Savage, 55378,  MN, 696 553 0920
135, Meghan Lamb, 1933/12/9, 8516 Windfall Street, Laurel, 20707,  MD, 542 559 4199
136, Alyssa Knox, 1964/08/2, 8 Joy Ridge St., Hastings, 55033,  MN, 269 337 9678
137, Lina Wolfe, 1938/01/30, 9206 South Thatcher St., Bountiful, 84010,  UT, 461 267 5400
138, Felipe Yu, 1967/05/28, 8047 Ridgeview Ave., Tucker, 30084,  GA, 202 875 0835
139, Aubrie Beasley, 1929/07/20, 880 Marconi Court, Enfield, 6082,  CT, 917 777 2352
140, Addyson Pitts, 2000/06/21, 213 Gregory Dr., Whitehall, 18052,  PA, 894 465 4927
141, Clarissa Curry, 1955/03/1, 6 Greenrose Rd., Morristown, 7960,  NJ, 680 260 7820
142, Reina Park, 2000/08/5, 3 Gates Dr., Euless, 76039,  TX, 980 562 4093
143, Rihanna Wiley, 1944/05/17, 78 Strawberry Lane, Monroe Township, 8831,  NJ, 540 551 6803
144, Jake Cole, 1995/01/2, 256 Brandywine St., Patchogue, 11772,  NY, 339 707 5652
145, Kaleb Hahn, 1927/06/4, 65 Rockville St., Bozeman, 59715,  MT, 403 784 9887
146, Leonidas Tyler, 2002/02/19, 7946 Sunset Ave., Massapequa, 11758,  NY, 229 752 1539
147, Presley Krause, 1914/12/22, 61 NE. Chapel Court, Hope Mills, 28348,  NC, 371 597 2997
148, Josh Burton, 1946/05/3, 8302 Oak St., Newburgh, 12550,  NY, 251 252 7904
149, Joslyn Norris, 1917/02/3, 8527 Lilac Court, Hazleton, 18201,  PA, 547 956 4420
150, Gretchen Serrano, 2014/09/8, 365 South Second Dr., Duluth, 30096,  GA, 795 611 0759
151, Malik Barron, 2010/12/6, 3 Edgewood Lane, Delray Beach, 33445,  FL, 679 833 3499
152, Zaire Lutz, 1974/10/30, 31 Lees Creek Rd., Champaign, 61821,  IL, 953 640 5661
153, Miguel Mcknight, 1924/03/3, 604 Catherine St., West Bloomfield, 48322,  MI, 956 555 0028
154, Rory Wilcox, 1977/02/20, 29 Logan Dr., New Berlin, 53151,  WI, 593 769 7636
155, Kaylyn Woodward, 1941/08/13, 719 Windfall Avenue, Tewksbury, 1876,  MA, 565 842 5198
156, Kristopher Harper, 2004/05/11, 7938 Valley Farms St., Pataskala, 43062,  OH, 238 752 0880
157, Lara Hurst, 1937/07/26, 7256 Fifth Street, Indian Trail, 28079,  NC, 422 875 6905
158, Nyasia Allison, 1952/07/3, 9939 Piper Dr., Bellmore, 11710,  NY, 582 489 9286
159, Karma Jenkins, 1938/02/19, 829 Purple Finch St., Stow, 44224,  OH, 646 398 3056
160, Israel Winters, 1900/07/28, 278 Miller Road, El Paso, 79930,  TX, 269 532 6940
161, Perla Ponce, 1996/02/20, 7703 Tunnel Street, Chesterfield, 23832,  VA, 621 907 6994
162, Rolando Harris, 1991/02/13, 8412 Plumb Branch Avenue, Thornton, 80241,  CO, 303 779 3216
163, Rowan Lowe, 1981/11/4, 95 Bow Ridge Ave., Southaven, 38671,  MS, 638 437 4328
164, Brandon Riley, 1975/01/20, 612 Princeton Street, Norristown, 19401,  PA, 854 925 7107
165, Davion Bullock, 2001/01/26, 94 Hanover Drive, Malden, 2148,  MA, 870 414 8671
166, Heather Weaver, 1924/04/26, 9245 Lower River St., Shirley, 11967,  NY, 940 600 6464
167, Elisabeth Livingston, 1996/06/27, 7533 York St., Lutherville Timonium, 21093,  MD, 405 288 5323
168, Malcolm Parker, 2008/06/21, 83 Water St., Kent, 44240,  OH, 769 559 1274
169, Payton Bailey, 1963/06/9, 7288 N. Bellevue Avenue, Strongsville, 44136,  OH, 267 516 3533
170, Braydon Gonzales, 1964/03/31, 83 Hill Field St., Southfield, 48076,  MI, 701 614 1727
171, Chasity Mayer, 2018/10/9, 9 N. Woodsman St., New Lenox, 60451,  IL, 687 407 6647
172, Mina Nixon, 1929/03/27, 2 Garden Rd., Green Bay, 54302,  WI, 657 481 7562
173, Yurem Pham, 2019/07/17, 8895 Riverside Street, South Lyon, 48178,  MI, 622 929 5481
174, Hailee Bird, 1909/10/1, 825 NE. Linda Lane, Mankato, 56001,  MN, 350 368 6600
175, Brynlee Huffman, 1958/02/3, 8951 Greystone St., Crawfordsville, 47933,  IN, 849 420 8746
176, Gael Shaffer, 1926/01/29, 8686C Mayflower Rd., Glen Allen, 23059,  VA, 449 297 1900
177, Madden Lee, 1994/01/10, 9813 St Louis Drive, Charlottesville, 22901,  VA, 541 798 5369
178, Gemma Dudley, 1967/07/2, 755 South Maiden Avenue, Hilliard, 43026,  OH, 924 363 8655
179, Hugh Rivera, 2004/10/18, 16 Shady Street, Dracut, 1826,  MA, 331 699 7162
180, Rene Huffman, 1968/05/19, 9814 Mayfair Street, Pasadena, 21122,  MD, 884 371 2211
181, Emmanuel Colon, 2013/09/13, 59 Del Monte Street, Indiana, 15701,  PA, 840 330 8777
182, Blaze Hart, 1909/03/11, 433 Hilltop St., Owings Mills, 21117,  MD, 447 309 8876
183, Kaiya Fitzpatrick, 1954/10/26, 7347 Redwood St., Santa Monica, 90403,  CA, 332 788 6960
184, Jordyn Wilkerson, 1935/01/16, 1 N. Edgewater St., Duarte, 91010,  CA, 854 217 0861
185, Sylvia Morris, 1907/01/22, 119 North Fordham St., Desoto, 75115,  TX, 830 887 4185
186, Aldo Gordon, 1925/01/12, 8995 Ketch Harbour Drive, Bronx, 10451,  NY, 384 333 9577
187, Clarissa Hurst, 1923/11/1, 14 Wild Horse Avenue, Powell, 37849,  TN, 462 228 1994
188, Jada Barr, 1909/05/14, 10 N. Summerhouse Lane, West Haven, 6516,  CT, 488 855 2305
189, Lana Lester, 2009/03/30, 7779 Ryan Road, Joliet, 60435,  IL, 786 798 4066
190, Sharon Gould, 1985/11/21, 7469 Greystone Street, Milford, 1757,  MA, 354 771 5399
191, Kadence Wall, 1910/10/13, 7983 Tanglewood Road, Logansport, 46947,  IN, 514 445 9252
192, Braeden George, 2009/07/15, 39 Glendale Dr., Nampa, 83651,  ID, 867 337 9986
193, Armando Schaefer, 1979/03/11, 621 Crescent Drive, Chevy Chase, 20815,  MD, 730 310 3345
194, Will Landry, 1987/01/18, 961 Squaw Creek Ave., Sandusky, 44870,  OH, 331 589 9275
195, Colin Gallagher, 1904/05/25, 40 Bridle Street, Vista, 92083,  CA, 285 556 3279
196, Cristal Daniels, 1989/07/22, 97 Cypress Ave., North Haven, 6473,  CT, 371 644 1461
197, Deangelo Dillon, 1994/05/5, 7215 North Edgefield Court, Titusville, 32780,  FL, 478 428 5308
198, Reagan Oconnell, 1945/04/13, 346 Airport Avenue, West Des Moines, 50265,  IA, 324 970 3899
199, Silas Bartlett, 1941/09/19, 464 Lafayette Lane, Worcester, 1604,  MA, 739 780 4503
200, Mikaela Ibarra, 1914/04/19, 8568 Highland Rd., Mankato, 56001,  MN, 808 410 8194
201, Armani Lang, 1917/05/29, 361 Cactus Ave., Port Richey, 34668,  FL, 582 410 3440
202, Kathy Sullivan, 1979/12/3, 989 West New Dr., Chaska, 55318,  MN, 534 665 8426
203, Janessa Solis, 1915/03/20, 43 Blackburn Ave., Newport News, 23601,  VA, 371 571 3538
204, Jordyn Burch, 1908/04/6, 52 Constitution Dr., Brighton, 2135,  MA, 282 219 8707
205, Guadalupe Osborn, 1995/12/26, 8518 NW. Glenlake Lane, Union, 7083,  NJ, 430 942 7565
206, Layne Bean, 1901/05/3, 7508 Glenwood Lane, Lakeville, 55044,  MN, 943 856 7586
207, Uriel Daugherty, 1969/10/21, 9231 Prairie Dr., North Wales, 19454,  PA, 828 999 5936
208, Roberto Harris, 2001/09/17, 456 North Elm Lane, Westerville, 43081,  OH, 337 640 8708
209, Leonidas Donaldson, 1924/01/12, 7738 Glenholme Rd., Cape Coral, 33904,  FL, 656 691 6956
210, Fatima Massey, 1926/06/3, 93 Bradford St., Grand Island, 68801,  NE, 723 901 8048
211, Diamond Ingram, 1930/08/13, 529 NW. Hill Street, Colonial Heights, 23834,  VA, 372 798 9561
212, Trinity Calderon, 1960/08/10, 195 Highland Dr., Tualatin, 97062,  OR, 410 488 3254
213, Yaretzi Farmer, 1970/01/26, 7930 North Del Monte Drive, Durham, 27703,  NC, 510 939 9394
214, Byron Davidson, 1994/05/29, 780 Miller Rd., Wyoming, 49509,  MI, 442 254 6939
215, Mattie Cooke, 1947/06/12, 97 Littleton Drive, Clementon, 8021,  NJ, 433 410 7112
216, Dayton Conway, 1932/03/20, 533 6th Drive, Crystal Lake, 60014,  IL, 861 326 8824
217, Aniya Chandler, 1903/11/27, 240 Thorne St., Gallatin, 37066,  TN, 847 293 6133
218, Wade Barajas, 1905/04/25, 585 Branch St., Torrance, 90505,  CA, 568 895 3893
219, Miah Dillon, 1988/04/28, 667 Grandrose Street, Harrison Township, 48045,  MI, 754 215 2746
220, Addison Oconnor, 1961/02/23, 95 Thatcher Rd., Wadsworth, 44281,  OH, 903 652 1304
221, Kamren Salinas, 1973/08/19, 19 Galvin Road, Brainerd, 56401,  MN, 920 661 8430
222, Caroline Franklin, 1996/12/19, 589 SW. Aspen Ave., Merrimack, 3054,  NH, 599 369 3950
223, Micah Mills, 2015/09/15, 9427 Ridgewood Street, Morrisville, 19067,  PA, 609 454 2889
224, Marcus Trevino, 1901/05/8, 9 East Walnutwood Street, Houston, 77016,  TX, 698 746 1837
225, Reid Hopkins, 1935/04/25, 900 Williams Dr., Erie, 16506,  PA, 851 390 8800
226, German Serrano, 1913/12/30, 560 Arlington Ave., Uniontown, 15401,  PA, 405 698 6786
227, Santino Sherman, 1993/08/6, 309 Carpenter Dr., Auburndale, 33823,  FL, 993 360 6173
228, Dylan Higgins, 1962/09/16, 38 East Vine Avenue, Adrian, 49221,  MI, 243 319 6406
229, Dayton Kaiser, 1937/10/20, 590 Helen St., Fort Walton Beach, 32547,  FL, 209 509 8554
230, Anton Maxwell, 1969/04/9, 288 Colonial Ave., Roy, 84067,  UT, 544 239 7254
231, Ari Kline, 1980/10/19, 23 Walnutwood St., Dekalb, 60115,  IL, 537 406 8429
232, Jasiah Hood, 1922/03/20, 409 Mayfair Circle, Bethesda, 20814,  MD, 993 432 3090
233, Rayna Cameron, 1905/12/2, 62 Ketch Harbour Dr., Central Islip, 11722,  NY, 829 631 7812
234, Justine Morgan, 1914/08/2, 428 Tallwood Court, Camden, 8105,  NJ, 629 694 8116
235, Roger Wilcox, 1987/09/13, 9 Hillcrest Lane, Plattsburgh, 12901,  NY, 598 905 7216
236, Demarion Dorsey, 1961/03/16, 8037 Lake Circle, Lilburn, 30047,  GA, 370 546 1030
237, Evangeline Moss, 1957/11/8, 26 W. Maiden Drive, Ft Mitchell, 41017,  KY, 957 528 3967
238, Brady Madden, 1953/08/18, 6 Johnson Street, Deland, 32720,  FL, 908 869 3289
239, Nicole Boone, 1942/08/31, 93 Pearl Street, Glen Cove, 11542,  NY, 328 748 3378
240, Layne Maldonado, 1932/12/19, 9802 Park St., Richmond Hill, 11418,  NY, 367 555 2521
241, Memphis Fitzpatrick, 2003/08/16, 7428 South 53rd Dr., Carol Stream, 60188,  IL, 323 793 4274
242, Maxim Bender, 1996/03/21, 98 Birchpond St., Snohomish, 98290,  WA, 737 448 2536
243, Aiyana Gardner, 1988/10/20, 8 South Glen Eagles Ave., Everett, 2149,  MA, 563 991 8999
244, Hailie Nixon, 1902/06/4, 9464 East Illinois Street, Spring Valley, 10977,  NY, 212 382 1341
245, Dawson Dickerson, 2018/03/30, 7161 West Bayport Street, Waynesboro, 17268,  PA, 911 807 5193
246, Konner Luna, 1971/09/10, 926 Kingston St., Rockville, 20850,  MD, 857 305 0404
247, Maximus Yoder, 1965/07/27, 1 Wild Horse Lane, Perkasie, 18944,  PA, 389 695 7059
248, Jaydon Phillips, 2010/10/12, 7557 Vale St., Park Ridge, 60068,  IL, 299 615 5029
249, Derick Ruiz, 1914/10/16, 7629 Devonshire Lane, Macon, 31204,  GA, 640 537 8206
250, Violet Irwin, 1973/07/16, 739 Harrison Drive, Saginaw, 48601,  MI, 735 536 5408
251, Irvin Lee, 1953/08/1, 717 New Saddle Drive, Faribault, 55021,  MN, 631 641 2701
252, Monserrat Acevedo, 1930/08/8, 434 Ocean Street, Warminster, 18974,  PA, 775 529 3173
253, Anabel Melendez, 1948/09/18, 7 Lyme Drive, Sevierville, 37876,  TN, 317 786 2978
254, Alisson Pennington, 1945/05/22, 9733 Joy Ridge Court, Muskego, 53150,  WI, 438 693 5973
255, Brooklynn Mathews, 1986/03/2, 9937 Fulton Dr., Mount Juliet, 37122,  TN, 796 566 4480
256, Felix Jimenez, 1983/03/24, 8 Halifax St., Providence, 2904,  RI, 293 273 7298
257, Katelynn Duran, 1988/02/7, 640 North Mill St., San Jose, 95127,  CA, 369 670 1447
258, Uriel Cherry, 1934/10/17, 30 North Oak Meadow Street, Littleton, 80123,  CO, 831 947 6479
259, Michaela Bridges, 1923/11/11, 7122 Clark Court, Henrico, 23228,  VA, 682 613 6969
260, Amiya Arnold, 1903/09/5, 7502 Pearl Ave., Easton, 18042,  PA, 757 953 2644
261, Justice Klein, 1952/03/5, 2 Helen Ave., Greenville, 27834,  NC, 530 243 9840
262, Dean Jacobs, 2007/11/2, 698 E. Lawrence Court, Hackensack, 7601,  NJ, 350 534 7182
263, Lesly Campos, 2014/10/8, 185 Manchester Rd., Goshen, 46526,  IN, 847 602 4141
264, Kelly Galvan, 1924/01/5, 8266 Center St., Hammonton, 8037,  NJ, 819 841 6891
265, Phoenix Robles, 1928/05/25, 21 Mountainview Drive, Whitehall, 18052,  PA, 720 935 7758
266, Aiyana Williamson, 1906/05/29, 8900 Pin Oak St., Holyoke, 1040,  MA, 518 702 2395
267, Elaine Beasley, 1984/10/9, 8831 Thompson Road, Bridgewater, 8807,  NJ, 676 893 2685
268, Steven Dominguez, 1938/09/30, 22 Harrison Court, Kennewick, 99337,  WA, 420 229 1534
269, Brayden Glass, 2011/07/5, 7211 Homewood Court, Bronx, 10451,  NY, 677 497 4458
270, Isiah Lambert, 2002/08/19, 7590 Homestead Road, Superior, 54880,  WI, 723 862 3462
271, Cayden Patrick, 1955/05/5, 625 Tarkiln Hill Avenue, Derry, 3038,  NH, 686 725 0801
272, Hector Dalton, 1946/06/27, 307 Lincoln Ave., Winona, 55987,  MN, 547 324 2280
273, Stephanie Watts, 2002/06/1, 431 San Pablo Street, New Windsor, 12553,  NY, 878 547 3053
274, Alisson Jenkins, 2015/11/2, 8420 Aspen Drive, West Warwick, 2893,  RI, 698 959 2046
275, Ava Huerta, 2005/03/28, 7430 Holly St., Branford, 6405,  CT, 629 685 6272
276, Monserrat Schwartz, 1966/01/24, 177 Gonzales Ave., Lansing, 48910,  MI, 841 840 9999
277, Makhi Dunlap, 1932/10/26, 387 South Lees Creek St., South Windsor, 6074,  CT, 669 444 4082
278, Alicia Farley, 2015/06/18, 834 Longbranch St., Doylestown, 18901,  PA, 224 878 2751
279, Zaniyah Hahn, 2009/10/10, 3 Young St., Gainesville, 20155,  VA, 738 819 2444
280, Chasity Hughes, 1982/07/20, 36 S. York Court, York, 17402,  PA, 326 259 2627
281, Leslie Mitchell, 2002/07/8, 432 Bishop Street, Yorktown, 23693,  VA, 534 274 2152
282, Nikhil Cameron, 1926/07/7, 99 East Ridgeview Street, Stoughton, 2072,  MA, 560 790 0804
283, Clara Frey, 1916/06/26, 895 Summer St., Knoxville, 37918,  TN, 370 859 4292
284, Lexie Edwards, 1954/09/13, 9292 Bald Hill Rd., Allen Park, 48101,  MI, 909 803 0519
285, Bryan Griffin, 2017/06/25, 9753 Pulaski Street, East Brunswick, 8816,  NJ, 658 240 4980
286, Maren Andrade, 1951/01/12, 1 Sherman St., Sylvania, 43560,  OH, 365 598 9621
287, Kadin Meyer, 1904/12/17, 614 Gainsway Road, Marlton, 8053,  NJ, 368 644 7778
288, Emery Daugherty, 1904/01/1, 493 Mechanic Ave., Muskogee, 74403,  OK, 379 510 2884
289, Quentin Mercer, 1982/03/10, 245 10th Rd., Halethorpe, 21227,  MD, 964 326 9435
290, Jaden Patel, 1924/11/21, 7684 Adams Ave., Woonsocket, 2895,  RI, 564 325 9633
291, Katie Campbell, 1913/08/9, 665 Honey Creek Road, Kalispell, 59901,  MT, 386 449 9212
292, Damian Brown, 1949/11/22, 379 Manor Station Drive, Trussville, 35173,  AL, 262 886 4730
293, Kolton Bradshaw, 1992/11/22, 7377 Sherwood St., Ormond Beach, 32174,  FL, 249 610 6214
294, Britney Nicholson, 1970/04/25, 9995 Grant Drive, Riverview, 33569,  FL, 338 426 7048
295, Tania Owen, 1972/08/2, 9269 Arlington St., Englishtown, 7726,  NJ, 440 542 8405
296, Noel Mcintosh, 1936/05/14, 121 Bishop Circle, Greensboro, 27405,  NC, 913 335 2594
297, Savannah Alvarez, 1949/08/29, 74 Grove Ave., San Diego, 92111,  CA, 220 568 0074
298, Eden Lloyd, 1999/09/23, 147 Clark Drive, Mason, 45040,  OH, 485 997 2181
299, Houston Benitez, 2013/01/30, 9011 N. Mammoth Dr., North Canton, 44720,  OH, 217 247 6618
300, Dean Gonzalez, 2019/11/4, 306 Birch Hill Dr., Union City, 7087,  NJ, 286 794 2983
301, Simone Avery, 1956/10/20, 82 Joy Ridge St., Glendale Heights, 60139,  IL, 810 246 2015
302, Marina Matthews, 1915/03/20, 586 Rose Street, Piscataway, 8854,  NJ, 477 645 5722
303, Allyson Peck, 2004/01/28, 97 Lexington St., Stow, 44224,  OH, 390 655 0119
304, Ronan Rosales, 1907/04/11, 27 North Beech St., Milton, 2186,  MA, 816 464 6130
305, Lizeth Morse, 1940/01/15, 559 Locust Ave., Port Huron, 48060,  MI, 909 256 2154
306, Angel Gonzalez, 1937/09/15, 5 W. Pumpkin Hill Rd., Savannah, 31404,  GA, 889 359 7358
307, Dayton Kline, 1917/07/6, 7041 Branch Ave., Palm Beach Gardens, 33410,  FL, 730 538 7871
308, Cassandra Pineda, 1939/10/22, 53 South Greystone Rd., Greer, 29650,  SC, 913 732 6333
309, Gustavo Cortez, 1934/01/11, 93 Westport Street, Nampa, 83651,  ID, 624 474 6450
310, Joanna Reynolds, 2018/09/20, 82 Dunbar Street, Hamburg, 14075,  NY, 541 602 9793
311, Eva Molina, 1975/03/21, 8424 North Brickell St., Elizabeth, 7202,  NJ, 838 492 8315
312, Maya Mclean, 1979/03/30, 8528 Elmwood Rd., Reston, 20191,  VA, 703 346 5380
313, Marlene Rivas, 2017/10/19, 431 Marsh St., Schenectady, 12302,  NY, 413 642 7678
314, Angel Henry, 1943/01/18, 810 Shirley Lane, Apex, 27502,  NC, 865 546 0125
315, Adrianna Carlson, 1941/11/16, 698 Spruce Street, Canton, 30114,  GA, 249 374 9591
316, Shaniya Sellers, 1954/10/30, 9275 Brookside Street, Macomb, 48042,  MI, 933 742 8940
317, Nickolas Colon, 2003/03/3, 9061 Division Street, North Ridgeville, 44039,  OH, 659 729 3372
318, Zavier Baker, 1985/03/15, 9306 N. Winchester Lane, Harvey, 60426,  IL, 504 550 9355
319, Yaritza Fitzgerald, 1967/10/21, 443 Division Rd., Lincolnton, 28092,  NC, 968 620 6397
320, Liam Higgins, 2007/08/30, 8765 Princess Street, Dawsonville, 30534,  GA, 737 987 5062
321, Mollie Chung, 1964/04/22, 248 Lake View Ave., Fall River, 2720,  MA, 700 731 9475
322, Destiney Friedman, 1931/12/2, 298 Hilltop Rd., Ladson, 29456,  SC, 920 814 4059
323, Lilah Chambers, 1966/04/3, 119 High Point Street, Lagrange, 30240,  GA, 242 834 7187
324, Eliana James, 2013/04/1, 7991 Pendergast Avenue, Ballston Spa, 12020,  NY, 380 542 3842
325, Tianna Harrison, 1952/06/8, 88 Piper Dr., Avon Lake, 44012,  OH, 453 807 8551
326, Corbin Graham, 1960/02/20, 8538 North San Pablo Dr., Granger, 46530,  IN, 801 572 7556
327, Cynthia Coleman, 1909/12/9, 185 Ashley Avenue, Hamden, 6514,  CT, 952 512 7661
328, Jocelynn Ewing, 1940/03/13, 9513 E. Buckingham Drive, Canal Winchester, 43110,  OH, 327 706 2567
329, Braeden Shields, 1970/12/18, 9115 Charles Street, Wilson, 27893,  NC, 386 765 7059
330, Kassidy Rodgers, 1923/05/14, 63 West Glendale Lane, Lititz, 17543,  PA, 565 851 4532
331, Ariel Sheppard, 1999/02/6, 982 Devon Court, Auburn, 13021,  NY, 355 935 1555
332, Nyasia Middleton, 1907/02/20, 165 Third Lane, Yuba City, 95993,  CA, 604 286 3719
333, Carolina Ingram, 1964/11/10, 308 North Pearl St., Inman, 29349,  SC, 299 556 5402
334, Katrina Prince, 2011/05/22, 49 San Juan Court, Irvington, 7111,  NJ, 893 455 2622
335, Philip Wiley, 1906/07/6, 7648 Hanover Road, Lutherville Timonium, 21093,  MD, 346 758 2777
336, Bridget Trujillo, 1974/08/5, 573 West Franklin Ave., New Britain, 6051,  CT, 781 795 4730
337, Spencer Briggs, 1906/06/25, 8 Sheffield St., Malden, 2148,  MA, 586 935 5926
338, Jordan Russo, 2005/01/29, 26 North Bald Hill Avenue, Royal Oak, 48067,  MI, 487 225 4185
339, Israel Ballard, 1938/04/24, 36 Country Ave., Twin Falls, 83301,  ID, 311 280 4627
340, Judah Hart, 1981/07/22, 52 Galvin Road, Salem, 1970,  MA, 853 220 6453
341, Ariana Arellano, 1973/02/18, 9805 Wayne Ave., Summerfield, 34491,  FL, 977 592 6876
342, Valentino Mckee, 1971/12/21, 8468 W. Windsor Ave., Lemont, 60439,  IL, 394 785 7589
343, Devin Eaton, 1999/07/25, 8814 Eagle Ave., Butler, 16001,  PA, 503 515 6335
344, Kendrick Werner, 2002/02/15, 7485 Vale Street, Hopkins, 55343,  MN, 960 842 5821
345, Jazmyn Dunlap, 1981/07/3, 73 Shub Farm Ave., Orange Park, 32065,  FL, 732 505 5185
346, Aracely Fox, 1969/02/19, 4 Rockville Lane, Lynnwood, 98037,  WA, 556 390 4104
347, Manuel Brennan, 1910/08/3, 91 Sutor Street, Waterloo, 50701,  IA, 520 265 2634
348, Jamarion Mercer, 1977/07/8, 580 Santa Clara Dr., New Lenox, 60451,  IL, 350 472 1936
349, Cooper Hayes, 1992/04/6, 91 La Sierra Street, Hyattsville, 20782,  MD, 520 976 6383
350, Mya Huber, 1972/06/10, 2 Cedarwood Ave., Indianapolis, 46201,  IN, 683 840 6407
351, Ayanna Lara, 1932/07/31, 9867 Creek Road, Flemington, 8822,  NJ, 855 377 9316
352, Alijah Carr, 1910/10/29, 7984 Shirley Street, Grove City, 43123,  OH, 773 711 7824
353, Mireya Cordova, 1988/07/6, 576 Rock Creek St., Westwood, 7675,  NJ, 280 553 2642
354, Julie Costa, 1978/02/19, 476 South 8th Street, Green Cove Springs, 32043,  FL, 656 607 0892
355, Chloe Estrada, 1910/06/22, 8686 Manchester Court, Mansfield, 2048,  MA, 303 411 5084
356, Dania Bruce, 1994/06/10, 103 South Birchwood Drive, Morristown, 7960,  NJ, 963 429 6617
357, Nikolas Gardner, 1986/07/1, 8702 Inverness Dr., Sioux City, 51106,  IA, 684 526 0596
358, Arnav Boone, 2018/10/10, 21 Windsor St., Ashland, 44805,  OH, 665 617 9150
359, Cordell Jimenez, 1946/01/5, 75 Sherman Lane, Highland, 46322,  IN, 419 952 5985
360, Rodney Boyer, 2008/12/8, 353 West Lakewood St., Simpsonville, 29680,  SC, 854 305 1119
361, Nikolas Davenport, 1976/02/23, 998 Addison Rd., Enfield, 6082,  CT, 683 444 5306
362, Fernanda Villarreal, 1922/12/25, 190 Hilldale St., Winchester, 22601,  VA, 285 434 6007
363, Kylie Franco, 1916/11/26, 9849 South Rock Creek Street, Concord, 3301,  NH, 233 893 9174
364, Campbell Perkins, 1918/10/21, 9944 West Church St., Scarsdale, 10583,  NY, 837 765 6693
365, Noelle Stuart, 1919/01/19, 91 Young Ave., Newton, 7860,  NJ, 242 231 8114
366, Jamya Mckay, 1988/02/22, 7331 Ridgewood Ave., Solon, 44139,  OH, 350 656 2207
367, Karly Kane, 1982/06/23, 230 High Point Street, Osseo, 55311,  MN, 907 827 2098
368, Jaxon Young, 1976/07/27, 9230 Central Street, Hattiesburg, 39401,  MS, 758 965 2619
369, Belen Wilkinson, 1977/03/28, 9916 Peachtree Court, Mahopac, 10541,  NY, 325 208 1709
370, Seamus George, 1930/05/19, 9300 Wellington Rd., Willoughby, 44094,  OH, 452 501 4240
371, Chanel Cortez, 1908/06/8, 1 Saxon Ave., Gurnee, 60031,  IL, 550 234 2300
372, Amara Perkins, 1960/10/3, 9446 Thomas Lane, Tacoma, 98444,  WA, 865 585 1711
373, Amare Robertson, 1973/11/20, 21 Rockland Road, New City, 10956,  NY, 864 855 7172
374, Shyla Mueller, 1993/03/19, 4 Country Drive, Coram, 11727,  NY, 386 394 5619
375, Bryce Mcclure, 1960/02/28, 7241 Arnold Court, Amsterdam, 12010,  NY, 833 729 5394
376, Timothy Atkins, 1995/05/30, 61 Sunnyslope Ave., Apple Valley, 92307,  CA, 478 348 6035
377, Isaiah Farley, 1948/06/15, 655 North Sutor Court, Fort Myers, 33905,  FL, 974 810 1084
378, Parker Salazar, 1941/07/23, 8528 Nichols Rd., Panama City, 32404,  FL, 726 365 4593
379, Samir Fields, 1993/07/20, 7447 New St., Linden, 7036,  NJ, 602 918 9821
380, Mariyah Ingram, 1988/11/2, 115 Cherry Rd., Torrington, 6790,  CT, 532 376 6712
381, Shayla Cooley, 1900/08/30, 8775 W. Sherwood Dr., Lacey, 98503,  WA, 972 284 7530
382, Emerson Christensen, 2013/06/12, 8503 Arcadia Street, Stone Mountain, 30083,  GA, 517 676 9124
383, Ruby Dyer, 1936/09/10, 10 Beechwood Court, Westbury, 11590,  NY, 780 352 9179
384, Elise Weeks, 1914/07/15, 16 Howard St., Elkridge, 21075,  MD, 492 837 5831
385, Brylee York, 1995/09/5, 514 Brickell Street, Hastings, 55033,  MN, 924 838 1378
386, Dayana Villegas, 1972/10/28, 9050 Grandrose St., Valrico, 33594,  FL, 767 261 1490
387, Jazlynn Boyle, 1988/01/13, 8630 Berkshire Street, Gaithersburg, 20877,  MD, 483 849 7014
388, Alisa Odom, 2013/01/6, 769 Columbia Ave., Palm City, 34990,  FL, 292 979 8678
389, Aryana Brady, 1975/12/7, 60 Grandrose St., Taylors, 29687,  SC, 360 743 3722
390, Raelynn Stephenson, 1951/04/23, 7954 Hillcrest St., North Bergen, 7047,  NJ, 858 217 7652
391, Rhianna Hickman, 1909/12/3, 1 W. Rockcrest Lane, Huntersville, 28078,  NC, 408 352 2761
392, Jason Moss, 1929/05/6, 6 Sunset Ave., Spartanburg, 29301,  SC, 834 675 1055
393, Rosa Huynh, 1938/12/19, 75 NE. Randall Mill Rd., Fullerton, 92831,  CA, 240 208 3206
394, Alexander Bass, 1978/01/1, 951 La Sierra St., Green Bay, 54302,  WI, 446 210 6440
395, Jaquan Hudson, 1937/05/8, 8036 Trenton Street, Bel Air, 21014,  MD, 886 931 4808
396, Ayaan Bishop, 1992/02/7, 7385 Sutor Court, Daphne, 36526,  AL, 646 630 2719
397, Tamara Osborne, 1981/11/19, 8810 Summit Lane, West Palm Beach, 33404,  FL, 512 782 4177
398, Gael Bird, 1975/07/16, 7203 SE. Marvon Rd., Fairport, 14450,  NY, 216 683 9131
399, Collin Little, 1954/09/17, 724 Walt Whitman Lane, Daphne, 36526,  AL, 967 775 0574
400, Keshawn Williams, 2004/10/2, 7642 Division Ave., Klamath Falls, 97603,  OR, 582 485 5064
401, Camryn Ray, 1911/12/28, 800 West Border Street, Pikesville, 21208,  MD, 842 743 5975
402, Alondra Schaefer, 1992/06/8, 7591 St Paul Ave., Canal Winchester, 43110,  OH, 903 981 2945
403, Finley Huber, 1923/08/9, 8893 River St., Winter Park, 32792,  FL, 207 553 7082
404, Cameron Webster, 1903/02/23, 306 East Lilac Lane, Manahawkin, 8050,  NJ, 854 532 7583
405, Shyanne Santos, 2010/05/30, 8376 County St., Norwood, 2062,  MA, 809 488 6913
406, Natalie Long, 1979/10/21, 20 Cherry Lane, Pelham, 35124,  AL, 887 559 4322
407, Brock Walters, 1917/03/13, 7074 Overlook Rd., Bayonne, 7002,  NJ, 662 944 4339
408, Regina Freeman, 1987/02/11, 627 Sheffield Drive, Greensboro, 27405,  NC, 868 835 6415
409, Delilah Lin, 1959/02/11, 936 Harrison Dr., Wadsworth, 44281,  OH, 700 700 5887
410, Jaylah Wilson, 1993/12/17, 900 Magnolia Ave., Canfield, 44406,  OH, 629 360 6615
411, Jordin Peck, 1901/10/13, 39 W. Catherine Road, Flushing, 11354,  NY, 496 456 1590
412, Adeline Joyce, 1941/05/22, 631 West Cypress St., Leesburg, 20175,  VA, 857 245 3377
413, Dayton Cherry, 1966/02/17, 9681 South Eagle Street, Leominster, 1453,  MA, 273 934 9325
414, Kamden Manning, 1964/05/19, 8874 Leeton Ridge Dr., Paterson, 7501,  NJ, 986 424 0952
415, Orion Sparks, 1900/04/23, 583 Oak Meadow Lane, Thibodaux, 70301,  LA, 220 988 6473
416, Leticia Berger, 1988/09/21, 904 Carson St., Camden, 8105,  NJ, 938 750 8745
417, Jake Huerta, 1975/05/13, 660 Wild Rose Drive, Langhorne, 19047,  PA, 899 851 7152
418, Stacy Foster, 1902/11/30, 72 North Campfire Dr., Dorchester, 2125,  MA, 546 221 0951
419, Hudson Tyler, 1956/07/17, 7903 Branch Court, Georgetown, 29440,  SC, 444 639 3631
420, Kai Cantrell, 1972/07/30, 598 Manhattan Drive, San Antonio, 78213,  TX, 432 535 1726
421, Marc Case, 1931/06/24, 2 Marsh Street, Pearl, 39208,  MS, 913 240 6489
422, Kai Villarreal, 1976/04/9, 652 Marvon Court, Lorain, 44052,  OH, 898 383 4667
423, Braiden Bright, 1946/06/10, 182 W. Harvard Ave., Buford, 30518,  GA, 274 266 0968
424, Maximus Small, 1941/04/20, 26 Plymouth Lane, Lafayette, 47905,  IN, 393 706 6281
425, Maya Hobbs, 1978/05/5, 8591 Fremont Lane, Reynoldsburg, 43068,  OH, 688 802 9907
426, Roy Berger, 1921/05/13, 67 Vermont Circle, Sheboygan, 53081,  WI, 600 845 9844
427, Skylar Marshall, 2001/03/17, 7405 Country Club St., Macon, 31204,  GA, 631 250 3668
428, Tanner Collins, 1967/11/18, 79 Hanover Street, Norristown, 19401,  PA, 409 209 2456
429, Selah Shaffer, 1924/07/16, 522 Sleepy Hollow Ave., Hernando, 38632,  MS, 214 272 8089
430, Riley Allen, 1923/02/22, 8426 Armstrong Rd., Oak Ridge, 37830,  TN, 875 887 9337
431, Luca Ware, 1911/10/8, 2 Durham Rd., Livonia, 48150,  MI, 843 412 9115
432, Braxton Blake, 1917/09/1, 440 West Drive, Freeport, 11520,  NY, 866 314 0660
433, Brent Page, 1971/06/29, 161 Wagon St., Deland, 32720,  FL, 892 907 4248
434, Maya Rocha, 1915/11/2, 529 High Ridge St., Saint Augustine, 32084,  FL, 524 272 5713
435, Deja Mcgee, 1969/01/18, 59 Fairway St., Palm Harbor, 34683,  FL, 363 906 1440
436, Kadin Colon, 1946/07/27, 76 Dunbar Street, Los Banos, 93635,  CA, 564 351 5889
437, Vivian Fowler, 2002/01/9, 532 Primrose St., Chambersburg, 17201,  PA, 531 702 4457
438, Liam Mcclure, 1911/11/1, 9820 West San Pablo Lane, New Philadelphia, 44663,  OH, 478 503 7179
439, Kristian Gray, 2014/01/24, 70 Manhattan Ave., Venice, 34293,  FL, 747 549 0403
440, Abraham Schneider, 1966/04/18, 254 S. Creekside St., Spring Hill, 34608,  FL, 537 618 9561
441, Piper Schneider, 1926/04/22, 868 West Chapel Street, Hazleton, 18201,  PA, 903 684 3383
442, Max Hebert, 1945/04/28, 9499 Jones Street, Odenton, 21113,  MD, 966 996 4504
443, Lillian Roberson, 2000/06/1, 357 8th St., Cedar Rapids, 52402,  IA, 909 677 2801
444, Dayton Navarro, 2011/02/28, 97 Railroad Lane, Hempstead, 11550,  NY, 229 769 2479
445, Adalyn Henson, 1967/12/18, 974 Fawn Ave., West Roxbury, 2132,  MA, 598 398 3742
446, Dustin Sims, 1981/07/11, 881 W. Hawthorne Lane, Warminster, 18974,  PA, 962 947 1227
447, Finn Shannon, 1930/10/6, 81 E. Jennings Ave., Whitestone, 11357,  NY, 468 436 6805
448, Rory Mcdonald, 1940/04/2, 386 Cedarwood St., Lakeville, 55044,  MN, 963 268 6285
449, Bo Ruiz, 1908/09/9, 38 Cactus Ave., Homestead, 33030,  FL, 204 806 9147
450, Kiley Pitts, 1993/03/3, 10 Mayflower St., Shirley, 11967,  NY, 383 444 2648
451, Raphael Burnett, 1953/10/13, 505 South Thatcher Drive, Prior Lake, 55372,  MN, 795 469 7217
452, Hailey Harrison, 1916/07/24, 96 Cooper Dr., North Royalton, 44133,  OH, 595 258 8796
453, Paula Cervantes, 1942/08/26, 8603 N. Beaver Ridge Rd., Peabody, 1960,  MA, 308 925 2149
454, Conor Donaldson, 1944/07/7, 7989 Fairview Lane, Brainerd, 56401,  MN, 221 728 1340
455, Haleigh Morton, 2007/09/25, 585 Nichols Ave., Woodbridge, 22191,  VA, 653 953 5000
456, Donte George, 1958/04/25, 32 N. Pineknoll Dr., Dawsonville, 30534,  GA, 498 988 2838
457, Walter Hardy, 1942/05/15, 8310 Ohio St., Kenosha, 53140,  WI, 227 818 5988
458, Jaylan Salas, 2019/06/23, 9464 Fulton St., Duluth, 30096,  GA, 303 639 5715
459, Joshua Craig, 1949/10/28, 7612 Longbranch Dr., Hinesville, 31313,  GA, 260 709 2542
460, Claire French, 1906/04/3, 8128 E. Park Dr., Naples, 34116,  FL, 444 865 8268
461, Johnathon Horn, 1956/06/3, 33 Cemetery Ave., Orlando, 32806,  FL, 447 443 0674
462, Mauricio Dyer, 2008/05/26, 851 Addison Lane, Middletown, 6457,  CT, 244 795 0706
463, Kash Jennings, 1923/12/22, 45 Olive Street, Yuma, 85365,  AZ, 573 435 9579
464, Ahmed Lynn, 1919/09/26, 54 Rock Maple Dr., Rossville, 30741,  GA, 624 785 8004
465, Miracle Oneill, 1955/12/31, 733 Glenridge Ave., Waukegan, 60085,  IL, 446 502 4377
466, Aubree Bryan, 1970/02/2, 9061 East Strawberry Drive, Bedford, 44146,  OH, 636 219 6594
467, Toby Gamble, 1909/09/11, 8111 Cross Drive, Washington, 15301,  PA, 811 422 0934
468, Brooks Snyder, 1973/07/16, 8003 Adams Street, Arlington Heights, 60004,  IL, 344 619 2119
469, Iliana Armstrong, 2009/06/11, 98 Wagon Circle, Addison, 60101,  IL, 941 750 7351
470, Lee Solomon, 1982/07/29, 91 Helen Court, Orland Park, 60462,  IL, 600 225 2448
471, Frank Le, 2008/09/28, 438 3rd St., Mechanicsville, 23111,  VA, 271 262 5962
472, Elian Gould, 1950/03/5, 7955 Princess Ave., Woodstock, 30188,  GA, 971 639 9911
473, Lila Barr, 2003/03/6, 9497 Acacia Dr., Minneapolis, 55406,  MN, 810 201 4789
474, Emerson Rowland, 1993/07/2, 9433 Vine St., Kalamazoo, 49009,  MI, 649 742 7300
475, Yasmine Rangel, 1964/12/30, 65 Bellevue Dr., Flint, 48504,  MI, 352 756 9243
476, Korbin Clements, 1963/05/16, 370 Elizabeth Street, Emporia, 66801,  KS, 639 248 9849
477, Chace Roach, 1932/04/13, 9039 West Inverness St., Milwaukee, 53204,  WI, 515 849 9321
478, Lina Mclaughlin, 1967/06/20, 567 Carpenter Court, Lewis Center, 43035,  OH, 372 390 6255
479, Beatrice Levine, 2018/06/6, 8361 Rockwell Lane, Annapolis, 21401,  MD, 629 667 5680
480, Naomi Riley, 1980/10/18, 604 Peachtree Lane, Alpharetta, 30004,  GA, 458 646 0716
481, Shawn Moon, 1981/02/25, 8366 Cardinal St., Brownsburg, 46112,  IN, 315 555 8621
482, Madalynn Bright, 1961/04/5, 436 Mulberry Drive, Selden, 11784,  NY, 354 937 1487
483, Fernando Velazquez, 1915/10/28, 8994 Brown Drive, Parlin, 8859,  NJ, 585 606 7256
484, Aditya Melton, 1987/09/15, 485 Philmont Road, Colorado Springs, 80911,  CO, 410 531 4820
485, Axel Rosario, 1904/08/14, 721 Spring Street, Sun Prairie, 53590,  WI, 509 663 5355
486, Steve Garcia, 1975/05/24, 8194 Wood Rd., Horn Lake, 38637,  MS, 624 636 9801
487, Lawson Byrd, 1945/10/7, 7953 Alderwood Road, Waterloo, 50701,  IA, 986 344 9806
488, Lance Smith, 1955/08/20, 163 Leeton Ridge Street, Farmingdale, 11735,  NY, 412 653 7251
489, Zion Barajas, 2012/06/28, 9860 Dunbar Ave., Indiana, 15701,  PA, 984 782 4593
490, Kinley Yang, 1905/08/15, 17 School Ave., Munster, 46321,  IN, 329 782 1556
491, Sanai Wright, 1968/07/12, 81 Belmont St., Hamilton, 45011,  OH, 947 297 8178
492, Olivia Mckee, 2016/01/20, 286 Schoolhouse Street, Ballston Spa, 12020,  NY, 951 829 8071
493, Penelope Kaufman, 1934/05/5, 8188 Summerhouse Avenue, Grayslake, 60030,  IL, 281 736 5945
494, Kimora Cowan, 1961/11/27, 7383 Bohemia Ave., Dearborn, 48124,  MI, 605 353 8020
495, Grayson Choi, 1934/04/2, 9907 Strawberry Ave., Schererville, 46375,  IN, 629 957 4810
496, Jamie Pace, 1997/10/25, 333 Annadale Drive, New Milford, 6776,  CT, 764 382 2294
497, Charles Choi, 1918/07/14, 7610 White St., Fairport, 14450,  NY, 807 219 7612
498, Mario Knox, 1951/11/7, 88 Central Dr., Muscatine, 52761,  IA, 597 284 5002
499, Mikaela Kidd, 1911/02/27, 7743 River Street, Pompano Beach, 33060,  FL, 221 991 8037
500, Macy Brady, 1951/02/16, 47 Poplar Lane, Lititz, 17543,  PA, 206 569 0785
501, Alanna Sweeney, 1937/04/27, 777 High Ridge Drive, Myrtle Beach, 29577,  SC, 868 499 0844
502, Sarah Lutz, 1949/08/18, 309 S. Dunbar Circle, Southington, 6489,  CT, 914 372 1735
503, Alvaro Luna, 1968/01/28, 7328 Tanglewood Rd., Bonita Springs, 34135,  FL, 740 498 8067
504, Joslyn Lambert, 1936/02/7, 5 Smith Store Dr., Cary, 27511,  NC, 316 687 7260
505, Damarion Lewis, 1973/03/26, 8726 Pine Dr., Savage, 55378,  MN, 387 422 0125
506, Marina Ochoa, 1959/05/11, 93 Wrangler Street, Muncie, 47302,  IN, 905 739 7987
507, Savanna Lyons, 2011/06/27, 3 Bear Hill St., Hollywood, 33020,  FL, 912 670 7574
508, Tatum Brandt, 2018/04/18, 29 Court Drive, Canandaigua, 14424,  NY, 502 719 8358
509, Shannon Hoffman, 2011/09/8, 7367 Atlantic Drive, Wasilla, 99654,  AK, 523 535 6564
510, Nikolas Lam, 1941/09/3, 9107 Devon Road, Champaign, 61821,  IL, 610 313 8147
511, Amirah Sanders, 1972/09/29, 718 Cross St., Frederick, 21701,  MD, 350 876 1556
512, Braylon Sullivan, 1970/01/2, 8329 Brandywine Dr., Opa Locka, 33054,  FL, 293 425 6669
513, Miya Miles, 1927/04/6, 779 High Ave., Old Bridge, 8857,  NJ, 840 534 0652
514, Kade Olson, 1931/04/29, 40 College Ave., Johnson City, 37601,  TN, 745 807 8238
515, Abby Terry, 2002/10/6, 8660 Rocky River Dr., Baldwin, 11510,  NY, 482 655 2533
516, Roy Bauer, 1953/04/12, 8783 Thorne Ave., Sebastian, 32958,  FL, 823 248 6260
517, Saige Nichols, 1978/04/4, 9759 Sussex Drive, Bradenton, 34203,  FL, 508 957 9062
518, Jose Joseph, 1937/09/18, 360 West Holly Drive, Colonial Heights, 23834,  VA, 623 276 7722
519, Kinley Houston, 2002/07/10, 8033 N. St Paul Ave., Glen Burnie, 21060,  MD, 838 979 9000
520, Akira Cline, 1982/11/20, 74 Lincoln St., West Bloomfield, 48322,  MI, 348 290 3393
521, George Robertson, 1996/08/8, 64 Grand Dr., Merrick, 11566,  NY, 415 414 9957
522, Judah Elliott, 2001/08/23, 30 Bedford Street, Riverview, 33569,  FL, 724 782 7010
523, Helen Mckee, 1933/06/12, 266 NE. Wilson Street, Culpeper, 22701,  VA, 500 303 7094
524, Michelle Gillespie, 2019/08/3, 7089 Temple Lane, Coachella, 92236,  CA, 792 945 2942
525, Giovanny Elliott, 1949/04/23, 9856 Henry Smith Dr., Chelsea, 2150,  MA, 730 682 2490
526, Jaron Petersen, 1985/05/13, 232 Annadale Court, Oxford, 38655,  MS, 527 949 2851
527, Cason Howell, 1972/10/22, 7290 Sunnyslope Ave., Medina, 44256,  OH, 424 332 4132
528, Nayeli Chang, 1949/05/1, 377 Yukon Ave., North Wales, 19454,  PA, 900 748 6746
529, Darian Fischer, 1995/07/2, 8001 East Galvin Lane, Beltsville, 20705,  MD, 513 530 7598
530, Reece Bass, 1973/10/25, 2 Pennington Ave., Crofton, 21114,  MD, 700 972 6535
531, Laila Higgins, 1942/04/23, 522 Washington Street, New Albany, 47150,  IN, 607 249 8083
532, Devyn Dickerson, 1983/08/4, 353 Lyme Ave., Algonquin, 60102,  IL, 270 299 1746
533, Winston Abbott, 1927/08/5, 7103 Valley Lane, Joliet, 60435,  IL, 846 479 9404
534, Virginia Morton, 1997/03/4, 8011 Tunnel Court, Brookline, 2446,  MA, 910 316 2154
535, Cristopher Mercer, 1946/06/10, 408 Dogwood Ave., Apex, 27502,  NC, 853 455 1038
536, Virginia Curtis, 1900/01/23, 8 Lower River Ave., Highland, 46322,  IN, 320 646 8386
537, Irvin Mcintosh, 2014/02/28, 7351 Greenview Street, Cranston, 2920,  RI, 244 460 5721
538, Ramon Davenport, 1950/09/19, 9166 Lake View St., Henderson, 42420,  KY, 217 471 8963
539, Jaydon Bradshaw, 1938/08/11, 274 Cherry Ave., Bountiful, 84010,  UT, 392 328 3418
540, Adonis Russo, 1934/03/26, 988 Windfall Street, Ashland, 44805,  OH, 707 260 5665
541, Kira Marsh, 1949/08/7, 155 Bohemia St., Fleming Island, 32003,  FL, 542 833 9326
542, Kaitlin Raymond, 1965/04/7, 673 N. Pleasant Ave., Snellville, 30039,  GA, 973 641 1164
543, Jaelyn Roth, 1968/12/9, 474 Hudson Ave., Lowell, 1851,  MA, 606 673 2700
544, Leila Maddox, 2013/08/24, 7984 Winchester St., Sandusky, 44870,  OH, 334 324 9418
545, Mikayla Cantrell, 1916/01/22, 80 Ohio Dr., Taylors, 29687,  SC, 915 979 2325
546, Shayna Robertson, 1966/07/1, 584 Nut Swamp Lane, Portland, 4103,  ME, 268 691 9970
547, Cameron Hawkins, 1947/12/1, 8365 Bow Ridge Drive, Calhoun, 30701,  GA, 834 883 3412
548, Dakota Eaton, 1979/02/7, 382 Henry Avenue, Gurnee, 60031,  IL, 531 399 6953
549, Kailyn Patrick, 1984/02/29, 9364 Bridle Avenue, Southampton, 18966,  PA, 840 955 2879
550, Messiah Brooks, 1974/11/7, 685 Wellington St., Syosset, 11791,  NY, 390 331 2797
551, Toby Nunez, 1938/01/9, 20 Pierce Lane, Cookeville, 38501,  TN, 847 596 8036
552, Kali Solomon, 1960/06/15, 18 N. Oakland Dr., Stow, 44224,  OH, 410 252 2387
553, Carl Horn, 1983/10/15, 7458 Sycamore Avenue, Peoria, 61604,  IL, 709 842 2899
554, Eliana Obrien, 1906/08/22, 19 Ocean Lane, Bloomington, 47401,  IN, 442 215 5882
555, Brock Small, 1939/01/10, 796 Riverview Dr., Dover, 3820,  NH, 429 361 6069
556, Deja Horton, 1940/05/29, 1 Addison Lane, Hermitage, 37076,  TN, 961 404 1719
557, Fisher Stout, 2019/05/7, 399 Fairfield Lane, Tampa, 33604,  FL, 603 845 7462
558, Jaxon Griffith, 1932/06/11, 7127 Ridgewood Ave., Sarasota, 34231,  FL, 504 346 2296
559, Claudia Joyce, 1997/11/19, 9598 Overlook Drive, Monsey, 10952,  NY, 907 519 4229
560, Preston Moon, 1923/11/2, 9063 Oakland Ave., Minot, 58701,  ND, 834 625 4375
561, Dale Fowler, 1997/05/23, 8264 Laurel Street, Davison, 48423,  MI, 227 886 4659
562, Finley Austin, 2005/01/4, 250 Cross Avenue, Glen Allen, 23059,  VA, 613 992 0528
563, Marlee Klein, 1918/10/12, 8012 Bank Drive, East Lansing, 48823,  MI, 893 649 2865
564, Jefferson Roberson, 1900/05/26, 411 Shipley Drive, Largo, 33771,  FL, 206 533 2518
565, Delaney Levine, 1964/04/24, 9534 Pearl Dr., Owings Mills, 21117,  MD, 714 248 5604
566, Jayla Brady, 1905/10/3, 8371 Woodsman St., Sun City, 85351,  AZ, 815 399 4390
567, Chasity Mccall, 1987/11/23, 7468 Blue Spring Court, Solon, 44139,  OH, 382 576 2970
568, Simon Turner, 1982/11/18, 30 Greystone Rd., Pomona, 91768,  CA, 865 478 8982
569, Dwayne Mayo, 1916/09/29, 584 NW. 3rd St., Palm Coast, 32137,  FL, 654 555 1493
570, Nancy Francis, 2010/10/6, 7545 S. Brown St., Panama City, 32404,  FL, 951 612 8905
571, Chasity Roy, 1950/04/6, 7485 Cedarwood St., Marysville, 43040,  OH, 228 258 5165
572, Jordon Hampton, 1944/12/14, 7 Vermont St., Stone Mountain, 30083,  GA, 291 272 0455
573, Kamari Cox, 2006/08/1, 324 S. Stonybrook St., Enfield, 6082,  CT, 859 288 6298
574, Essence Miles, 1998/12/29, 8129 Parker Street, Tullahoma, 37388,  TN, 364 903 5093
575, Victor Atkins, 1908/08/2, 8643 Baker Rd., Marietta, 30008,  GA, 325 834 0196
576, Madilyn Dawson, 1983/07/10, 9 South Lake View St., Fort Myers, 33905,  FL, 404 364 9620
577, Keyon Willis, 1979/11/23, 8008 Ann St., Lancaster, 14086,  NY, 902 640 8188
578, Dominic Cox, 1967/02/28, 7931A Jennings St., Moorhead, 56560,  MN, 307 270 6833
579, Alice Nixon, 1975/10/24, 886 High Point Ave., Hartsville, 29550,  SC, 431 585 1630
580, Lillian Stark, 1913/09/11, 79 East Birchwood St., Miami, 33125,  FL, 489 334 5165
581, Tristen Nguyen, 1990/06/23, 9966 Roehampton St., Clayton, 27520,  NC, 957 382 7797
582, Grace Aguirre, 1925/03/29, 7999 S. Kirkland Drive, State College, 16801,  PA, 929 281 6513
583, Wendy Salazar, 1942/06/11, 873 Sheffield Street, Pittsford, 14534,  NY, 630 200 1481
584, Gracie Rose, 1950/08/19, 15 York Street, Maineville, 45039,  OH, 228 774 9123
585, Selina Diaz, 1991/01/8, 240 Myrtle Drive, Simpsonville, 29680,  SC, 601 949 7823
586, Jayda Braun, 1997/11/11, 38 Sheffield Drive, Eastpointe, 48021,  MI, 932 730 7441
587, Jaxson Bowen, 1980/11/21, 7408 Yukon Dr., Hummelstown, 17036,  PA, 703 699 2372
588, Aurora Sims, 1976/07/14, 320 Foxrun Rd., Conway, 29526,  SC, 800 493 4475
589, Adalynn Shea, 1957/01/24, 55 South La Sierra Lane, Glendale Heights, 60139,  IL, 922 694 0539
590, Dalia Weaver, 1904/08/26, 891 Union Drive, Uniontown, 15401,  PA, 439 571 6738
591, Fiona Little, 1932/08/2, 8 Illinois St., Muskogee, 74403,  OK, 317 234 2649
592, Anahi Hernandez, 1960/10/27, 68 Pumpkin Hill St., El Paso, 79930,  TX, 895 875 7774
593, Priscilla Branch, 1913/06/25, 894 Miles Ave., Tonawanda, 14150,  NY, 651 363 6368
594, Chandler Beasley, 1980/09/11, 33 Olive St., Mountain View, 94043,  CA, 776 925 3259
595, Yesenia Church, 1940/09/14, 803 Pierce St., Ottumwa, 52501,  IA, 440 489 3245
596, Marely Grimes, 1966/03/13, 9331 Deerfield Dr., Greenwood, 29646,  SC, 653 870 1791
597, Madelynn Winters, 1960/09/27, 7 Pin Oak St., Matthews, 28104,  NC, 940 919 3588
598, Marlon Duarte, 1939/07/9, 76 Greystone Road, Westmont, 60559,  IL, 982 348 3268
599, Allyson Walker, 1952/03/11, 9721 San Carlos Road, Libertyville, 60048,  IL, 616 817 3881
600, Johan Bird, 1950/12/2, 276 N. Helen St., Missoula, 59801,  MT, 475 335 7293
601, Beau Holland, 1924/11/8, 706 Plumb Branch St., Huntersville, 28078,  NC, 999 880 5622
602, Beckham Pearson, 1925/11/4, 9139 S. Wood Drive, Euless, 76039,  TX, 569 352 8428
603, Marshall Gould, 1994/02/7, 7551 Harrison Street, Niceville, 32578,  FL, 872 255 2342
604, Madison Wu, 1932/02/13, 719 Honey Creek Street, Chaska, 55318,  MN, 987 969 7748
605, Athena Moore, 1955/03/12, 9578 Summerhouse Ave., Ooltewah, 37363,  TN, 355 471 7047
606, Micaela Jarvis, 2017/09/29, 2 Third Ave., Green Cove Springs, 32043,  FL, 568 925 5224
607, Eliza Brewer, 1925/05/16, 499 SW. State St., Oak Park, 48237,  MI, 994 427 6072
608, Lina Whitney, 2003/01/2, 7429 Jennings Ave., Manahawkin, 8050,  NJ, 867 825 4317
609, Molly Hayden, 1966/09/6, 8295 Sugar St., Battle Ground, 98604,  WA, 912 469 7705
610, Lexie Merritt, 2009/08/6, 57 Coffee Dr., Salt Lake City, 84119,  UT, 685 689 1831
611, Rhianna Morales, 1971/01/19, 766 N. Pendergast Drive, Syosset, 11791,  NY, 518 230 3718
612, Aaliyah Carlson, 1964/10/30, 60 Swanson Court, Winston Salem, 27103,  NC, 591 499 3228
613, Raul Webb, 2016/10/1, 3 Homewood Ave., Hartsville, 29550,  SC, 523 906 8977
614, Dangelo Simpson, 1951/03/10, 396 Primrose St., Wasilla, 99654,  AK, 817 854 6233
615, Angie Tate, 1936/12/19, 7166 North Surrey Dr., Fort Lee, 7024,  NJ, 244 427 6507
616, Stephanie Holt, 1971/01/9, 532 East Indian Spring Lane, Hamburg, 14075,  NY, 640 740 9381
617, Omar Zavala, 1934/12/5, 89 Oakland St., Taylor, 48180,  MI, 800 721 3965
618, Hayley Choi, 1945/08/15, 8870 Cherry Ave., Wadsworth, 44281,  OH, 531 589 8973
619, Jayden Burns, 2005/09/22, 363 Rockcrest Drive, Southgate, 48195,  MI, 351 375 0891
620, Harper Johnson, 2017/08/19, 72 East Riverview Court, Neenah, 54956,  WI, 499 671 9773
621, Peyton Vega, 1960/11/17, 7 Tunnel Rd., Gettysburg, 17325,  PA, 487 598 0592
622, Jaelynn Marquez, 1956/11/27, 982 Maiden Street, Rockford, 49341,  MI, 242 539 6953
623, Crystal Williamson, 2003/01/18, 6 Sunbeam Drive, Marietta, 30008,  GA, 331 818 3856
624, Lilah Esparza, 1958/03/18, 906 Golf Ave., Saint Joseph, 49085,  MI, 843 527 6970
625, Lorelei Vang, 1978/04/12, 9978 Sulphur Springs St., Lewis Center, 43035,  OH, 294 421 2582
626, Cynthia Farmer, 1916/05/5, 876 West Rd., South Richmond Hill, 11419,  NY, 232 278 0962
627, Darian Sullivan, 2003/08/4, 7546 Walnutwood Court, Buckeye, 85326,  AZ, 528 963 7505
628, Gracie Greene, 2018/09/27, 9943 Temple Rd., Westerville, 43081,  OH, 796 270 5943
629, Harper Cisneros, 1940/05/30, 42 Monroe Rd., Thornton, 80241,  CO, 713 550 0128
630, Arely Stokes, 1986/05/12, 89 Piper Drive, Santa Clara, 95050,  CA, 893 656 6771
631, Ashton Chavez, 1903/12/4, 8554 W. Eagle St., Nanuet, 10954,  NY, 876 929 7130
632, Hailey Thornton, 1926/04/7, 238 SW. Brandywine Ave., Bettendorf, 52722,  IA, 994 784 9397
633, Siena Archer, 2002/11/1, 106 Cobblestone Ave., Chambersburg, 17201,  PA, 805 893 4881
634, Zachariah Sharp, 1970/08/2, 8450 Westport Dr., Maplewood, 7040,  NJ, 225 219 1536
635, Abril Tran, 1999/09/14, 1 John Street, Baton Rouge, 70806,  LA, 737 925 8272
636, Amya Wall, 1959/02/22, 8110 SW. Roberts Ave., Yuma, 85365,  AZ, 455 705 0348
637, Brenden Patterson, 1934/02/27, 9361 Tanglewood Ave., Elkridge, 21075,  MD, 843 961 4521
638, Zander Escobar, 2008/06/26, 97 Leeton Ridge St., Bountiful, 84010,  UT, 696 221 5514
639, Angela Todd, 1950/06/22, 88 Logan Street, Richmond Hill, 11418,  NY, 573 747 8771
640, Spencer Melton, 1983/08/29, 168 Stonybrook Street, Glastonbury, 6033,  CT, 215 215 1519
641, Bruce Armstrong, 1934/05/25, 31 Ridge Ave., Wellington, 33414,  FL, 503 983 2830
642, Ryder West, 1934/02/7, 59 Marshall Avenue, Mount Vernon, 10550,  NY, 719 379 9344
643, Harold Daniel, 1900/06/19, 573 Carriage Drive, Christiansburg, 24073,  VA, 317 841 9968
644, Madalyn Sellers, 2000/08/13, 61 Glen Ridge St., Bay City, 48706,  MI, 634 707 1224
645, Fernanda Lozano, 1929/08/10, 76 W. Ridgeview Dr., Harleysville, 19438,  PA, 215 965 9214
646, Gracelyn Fitzgerald, 1950/04/8, 51 Church Street, Tupelo, 38801,  MS, 868 719 6213
647, Evan Massey, 1921/09/21, 8980 Wentworth Drive, Jersey City, 7302,  NJ, 579 420 1438
648, Soren Larson, 1935/04/30, 33 Paris Hill Drive, Pelham, 35124,  AL, 513 823 9821
649, Adriel Sullivan, 1909/10/30, 6 South Marshall Lane, Prattville, 36067,  AL, 284 300 8826
650, Jax Hodges, 1905/01/2, 9443 Summit Street, Jamaica Plain, 2130,  MA, 344 202 1382
651, Aden Duran, 2015/01/13, 263 Pendergast Drive, Palos Verdes Peninsula, 90274,  CA, 228 949 2825
652, Dustin Mata, 1939/10/7, 885 South Fieldstone Rd., Savannah, 31404,  GA, 289 948 0135
653, Rhett Fox, 1943/11/9, 8 Paris Hill St., Buford, 30518,  GA, 366 604 6345
654, Simeon Bowman, 1931/09/13, 7764 East Highland Ave., Beverly, 1915,  MA, 566 861 4093
655, Talan Macias, 1961/08/21, 75 Young Court, Atlanta, 30303,  GA, 476 825 1405
656, Aidyn Lynn, 1917/02/7, 616 Poor House Street, Yorktown, 23693,  VA, 873 952 4709
657, Aidyn Craig, 1903/02/18, 451 East Lancaster Ave., Key West, 33040,  FL, 547 771 5750
658, Paige Howe, 2009/12/10, 86 Valley View Street, Taunton, 2780,  MA, 794 707 2806
659, Cruz Rivera, 1921/09/24, 9762 Ann Lane, Long Branch, 7740,  NJ, 904 659 1306
660, Andrea Reese, 1942/03/5, 670 NW. Homewood Lane, North Miami Beach, 33160,  FL, 655 790 1011
661, Kirsten Weiss, 1938/03/2, 9491 North Bow Ridge Avenue, Deltona, 32725,  FL, 360 861 5486
662, Danielle Glenn, 1987/03/5, 10 Wentworth Drive, Owosso, 48867,  MI, 656 353 2853
663, Keyon Grant, 1992/12/23, 83 Summit Rd., Jonesboro, 30236,  GA, 660 235 1311
664, Aria Estes, 1995/05/3, 6 Water St., Winchester, 22601,  VA, 264 726 2759
665, Ashanti Harvey, 2002/05/5, 71 Pacific Drive, Springfield, 19064,  PA, 884 981 1908
666, Trystan Padilla, 1984/08/15, 47 Thatcher Ave., Bear, 19701,  DE, 853 311 8871
667, Zavier Wood, 1906/07/22, 9985 Evergreen St., Soddy Daisy, 37379,  TN, 435 455 0896
668, Muhammad Martinez, 1960/06/3, 288 Overlook Rd., Canfield, 44406,  OH, 802 282 2587
669, Armani Jimenez, 2016/06/12, 759 Vernon St., Cocoa, 32927,  FL, 800 597 6697
670, Aliyah Harris, 1983/11/20, 63 Greenrose St., Twin Falls, 83301,  ID, 317 900 5075
671, Gisselle Marks, 1989/05/26, 9055 NW. Beaver Ridge Avenue, Massapequa, 11758,  NY, 733 442 2764
672, Skylar Owen, 2016/05/30, 344 Sherwood St., Downingtown, 19335,  PA, 957 345 9584
673, Arabella Weiss, 2016/05/30, 69 W. Windfall St., San Pablo, 94806,  CA, 309 755 6669
674, Lilia Turner, 1975/02/21, 8549 School St., Banning, 92220,  CA, 206 896 3271
675, Miguel Hubbard, 1909/12/3, 7352 San Pablo Street, Zionsville, 46077,  IN, 205 766 4653
676, Taylor Duncan, 1981/04/30, 7143 Locust Ave., Morganton, 28655,  NC, 554 269 4259
677, Joslyn Bray, 1908/10/14, 12 Lakeshore Dr., Niagara Falls, 14304,  NY, 603 299 3778
678, Javion Yates, 1997/06/25, 437 E. Trout Street, Philadelphia, 19111,  PA, 231 271 8099
679, Benjamin Norman, 1956/08/7, 73 Sierra Ave., Randallstown, 21133,  MD, 956 816 1986
680, Liana Miranda, 1992/10/25, 355 W. George Avenue, Drexel Hill, 19026,  PA, 443 496 7181
681, Caden Schmidt, 1992/09/17, 7133 Augusta Dr., Savage, 55378,  MN, 507 252 4341
682, Madeline Massey, 1937/10/25, 301 Catherine Dr., Newburgh, 12550,  NY, 806 352 1607
683, Davion Lambert, 1975/02/21, 7402 West Beech Dr., Ambler, 19002,  PA, 485 986 6489
684, Selah Lawrence, 1905/05/12, 30 Glenholme Drive, Wheaton, 60187,  IL, 268 213 8957
685, Noel Rocha, 1977/10/17, 792 John Road, Indian Trail, 28079,  NC, 342 534 2081
686, Arely Douglas, 1940/09/15, 9424 Elizabeth Court, Zanesville, 43701,  OH, 754 762 4532
687, Abril Atkinson, 1953/07/7, 7152 Beacon Ave., Coventry, 2816,  RI, 847 459 8336
688, Brayden Gaines, 1947/07/2, 8728 Carriage Street, Muskogee, 74403,  OK, 981 319 3825
689, Richard Combs, 1979/03/16, 4 Clark Lane, Charleston, 29406,  SC, 935 926 2177
690, Itzel Salas, 1906/11/11, 78 Galvin Avenue, Baldwin, 11510,  NY, 707 469 2116
691, Ruben Kennedy, 1992/08/5, 15 Princess Ave., Dallas, 30132,  GA, 824 461 3891
692, Margaret Nunez, 1914/02/3, 657 Ryan Street, Astoria, 11102,  NY, 670 351 9782
693, Gabrielle Terrell, 2013/09/16, 749 Front Court, Eden Prairie, 55347,  MN, 654 414 7208
694, Andres Singleton, 1909/02/8, 65 Sussex St., Oakland, 94603,  CA, 259 940 5015
695, Conrad Gutierrez, 1996/11/16, 125 Smith Store Street, Quincy, 2169,  MA, 359 894 2654
696, Francesca Avila, 1963/09/4, 7404 Fordham Court, Lockport, 14094,  NY, 543 220 3959
697, Johanna Gross, 1982/10/29, 8575 Constitution Ave., Macomb, 48042,  MI, 572 445 2671
698, Damon Valentine, 1993/07/23, 9405 Argyle Ave., Battle Creek, 49015,  MI, 292 421 4868
699, Landin Kidd, 1984/08/20, 9 South York Avenue, Toms River, 8753,  NJ, 384 320 8065
700, Ayana Ball, 1970/12/16, 727 Second Drive, Perkasie, 18944,  PA, 765 806 4689
701, Stacy Everett, 1966/05/17, 7088 Glenlake Road, Paterson, 7501,  NJ, 725 962 2114
702, Alexa Boyd, 1910/10/17, 418 W. Grant Lane, Kansas City, 64151,  MO, 461 939 4131
703, Kaylin Kennedy, 1995/06/13, 945 North Constitution Ave., Taylors, 29687,  SC, 884 878 7010
704, Mariana Baker, 1958/03/5, 48 Glenlake Lane, Nazareth, 18064,  PA, 349 374 1606
705, Carsen Suarez, 2019/12/21, 31 North Courtland St., Boca Raton, 33428,  FL, 563 358 9784
706, Jeffrey Clay, 1993/04/2, 7973 Bohemia Lane, Painesville, 44077,  OH, 518 267 4072
707, Sydney Hurley, 2008/09/23, 8757 Berkshire Street, Los Angeles, 90008,  CA, 978 779 0919
708, Gideon Foley, 1909/08/10, 88 Depot Lane, Bismarck, 58501,  ND, 412 346 7073
709, Cael Lawrence, 1941/04/19, 8088 East Overlook St., Tullahoma, 37388,  TN, 597 704 8418
710, Kade Michael, 1935/04/22, 414 Hartford Street, Stamford, 6902,  CT, 365 708 5096
711, Ty Lamb, 1959/05/23, 7953 Manor Ave., Champaign, 61821,  IL, 455 925 9347
712, Tristen Whitehead, 1949/05/12, 9470 Lafayette Dr., Urbandale, 50322,  IA, 692 230 5200
713, Lauren Snyder, 1907/08/11, 25 Constitution Drive, Los Banos, 93635,  CA, 649 414 6033
714, Dawson Wiley, 1977/01/2, 241 Dogwood St., Powell, 37849,  TN, 206 483 5985
715, Marissa Wu, 2006/05/6, 280 Edgemont Court, Cranford, 7016,  NJ, 436 864 8745
716, Alayna Reeves, 1962/03/18, 29 NW. Bradford Ave., Ft Mitchell, 41017,  KY, 936 883 6905
717, Calvin Carney, 1964/05/10, 60 Squaw Creek Road, Clover, 29710,  SC, 449 777 3183
718, Rodrigo Trevino, 1931/01/30, 6 Rosewood Street, Hazleton, 18201,  PA, 437 464 8111
719, Kristin Alvarez, 1911/05/23, 8280 NW. Peachtree St., Saint Paul, 55104,  MN, 474 480 1790
720, Keyon Mccormick, 1991/05/30, 9322 Ketch Harbour Ave., Ronkonkoma, 11779,  NY, 388 202 1442
721, Chandler Carpenter, 1991/02/4, 4 Olive St., Olney, 20832,  MD, 912 785 9237
722, Shyanne Frye, 1967/06/8, 9490 Durham Ave., Simpsonville, 29680,  SC, 562 987 4655
723, Ronin Kramer, 1977/12/9, 3 3rd Street, Wakefield, 1880,  MA, 216 674 0351
724, Elliot Strong, 1970/03/18, 273 Bald Hill Ave., East Lansing, 48823,  MI, 253 237 2585
725, Sarahi Gregory, 1936/05/23, 574 Sutor Drive, Media, 19063,  PA, 718 609 1893
726, Lisa Mann, 1956/12/3, 7257 Rockland St., Woodstock, 30188,  GA, 566 309 6838
727, Elianna Madden, 1923/09/29, 355 Washington Ave., Miami Gardens, 33056,  FL, 681 837 9436
728, Cynthia Morrow, 1993/11/8, 517 Plymouth Ave., Hightstown, 8520,  NJ, 891 819 4500
729, Laylah Elliott, 1958/04/25, 7319 Cardinal St., Romulus, 48174,  MI, 645 607 7906
730, Mylie Flowers, 2005/09/7, 4 Lafayette St., Bensalem, 19020,  PA, 989 917 4786
731, Pablo Baldwin, 2015/05/11, 107 Mechanic Street, Wooster, 44691,  OH, 884 252 0802
732, Aubrey Clay, 1971/03/3, 68 High Noon Dr., San Antonio, 78213,  TX, 700 442 4365
733, Tori Ryan, 1908/05/13, 86 Goldfield Lane, Elyria, 44035,  OH, 577 493 1910
734, Gabriella Chan, 1969/12/20, 9891 S. Wild Horse Lane, Saginaw, 48601,  MI, 621 410 0798
735, Cristopher Banks, 2019/06/5, 757 W. Bow Ridge St., Johnson City, 37601,  TN, 255 581 4789
736, Kayden Price, 1971/08/2, 9009 Franklin Dr., Neptune, 7753,  NJ, 564 484 0406
737, Robert Curtis, 1909/08/6, 67 Spring Street, Wyoming, 49509,  MI, 437 514 9568
738, Carsen Riley, 1924/02/1, 43 Homestead Circle, Perth Amboy, 8861,  NJ, 784 815 0726
739, Annabelle Miranda, 1945/03/23, 45 Prince Dr., Wyandotte, 48192,  MI, 690 365 8093
740, Henry Wiggins, 1986/10/29, 896 Circle Avenue, Wallingford, 6492,  CT, 733 252 2984
741, Jonas Solomon, 1978/05/21, 11 Henry St., Helotes, 78023,  TX, 727 309 2756
742, Jessie Cantrell, 1926/10/27, 861 N. Essex Road, Lynn, 1902,  MA, 832 398 5553
743, Gauge Hanson, 1906/08/25, 45 Wood Street, Waynesboro, 17268,  PA, 292 576 5890
744, Alma Eaton, 1966/05/13, 7 Bear Hill Street, Kearny, 7032,  NJ, 847 938 2355
745, Connor Tate, 1981/01/19, 7992 Lakewood Street, Fairfax, 22030,  VA, 504 584 4744
746, Amelia Norris, 2015/05/16, 48 Mill Ave., Matawan, 7747,  NJ, 848 470 9707
747, Leila Walter, 1944/03/7, 7913 N. Tunnel Rd., Muscatine, 52761,  IA, 205 776 9405
748, Orion Cohen, 2014/05/10, 682 Peninsula Street, Mebane, 27302,  NC, 281 277 1651
749, Emanuel Obrien, 1900/05/31, 36 Pawnee St., New Port Richey, 34653,  FL, 739 915 5999
750, Xzavier Woodard, 1938/07/7, 2 Wilson Street, Lutherville Timonium, 21093,  MD, 356 580 6427
751, Delaney Ferrell, 2015/10/2, 105 North Edgewood Lane, Saugus, 1906,  MA, 853 759 1075
752, Elise Hahn, 1973/02/4, 82 Hill Dr., Bridgeton, 8302,  NJ, 822 718 2866
753, Miracle Holder, 1921/03/27, 96 Goldfield St., East Northport, 11731,  NY, 627 515 4435
754, Alonso Fisher, 1914/01/11, 8021 West 3rd Lane, Brick, 8723,  NJ, 398 969 0689
755, Christopher Bright, 2003/07/22, 7126 Glen Eagles St., Palmetto, 34221,  FL, 369 924 1843
756, Enrique Woods, 1978/06/24, 9146 Country Club Dr., Georgetown, 29440,  SC, 482 204 8897
757, Reagan Mccarthy, 1961/07/1, 7310 Pendergast Lane, Middle Village, 11379,  NY, 332 653 8653
758, Kamden Jenkins, 2013/09/4, 703 Birchwood Court, Aliquippa, 15001,  PA, 517 249 5799
759, Zaiden Ross, 1964/02/9, 46 Fairfield Lane, Crawfordsville, 47933,  IN, 238 454 0655
760, Aarav Whitaker, 2007/03/16, 872 Plumb Branch Drive, Hamtramck, 48212,  MI, 720 386 4342
761, Rubi May, 1957/12/9, 8390 Swanson Street, Eau Claire, 54701,  WI, 483 777 5881
762, Destinee Luna, 2014/04/10, 8393 Canal Drive, Beaver Falls, 15010,  PA, 642 452 8755
763, Tiana Warren, 1910/05/23, 186 County Street, Cedar Rapids, 52402,  IA, 329 824 5617
764, Elianna Lee, 1934/11/14, 38 Homewood St., Grand Blanc, 48439,  MI, 814 342 1231
765, Joel Carney, 1920/06/15, 8669 Elm Lane, Perrysburg, 43551,  OH, 703 493 6980
766, Armani Ingram, 1960/11/15, 9419 Wagon Avenue, Buffalo Grove, 60089,  IL, 810 754 2906
767, Harrison Hanna, 1927/09/21, 8215 West Cobblestone St., Leland, 28451,  NC, 822 507 9615
768, Dario Roman, 1906/09/10, 78 Peachtree Road, Osseo, 55311,  MN, 731 470 7308
769, London Velez, 1931/05/20, 900 Union St., North Augusta, 29841,  SC, 719 229 8874
770, Pablo Nicholson, 1978/06/8, 108 Lake Forest Ave., Clinton, 20735,  MD, 395 903 2908
771, Rhys Travis, 1977/03/6, 485 Corona Ave., El Paso, 79930,  TX, 773 903 7778
772, Kaylah Terry, 1909/03/6, 7121 Shady Street, Palm City, 34990,  FL, 402 656 4370
773, Dale Madden, 1922/07/4, 84 NE. Lilac Street, New Windsor, 12553,  NY, 223 301 3596
774, Zack Phelps, 1963/04/26, 773 Jones Ave., Derby, 67037,  KS, 600 640 2500
775, Alana Norman, 1978/10/6, 7543 SW. Inverness Ave., Sebastian, 32958,  FL, 225 495 1370
776, Molly Lowe, 1979/07/30, 242 Proctor Drive, Severn, 21144,  MD, 863 634 6907
777, Elaine Webb, 2005/02/24, 8165 East Summit Street, Harvey, 60426,  IL, 784 926 2526
778, Skye Diaz, 1975/01/22, 437 Pennsylvania Ave., Littleton, 80123,  CO, 352 568 5679
779, Cora Duncan, 1959/12/13, 131 Lafayette Street, Independence, 41051,  KY, 759 298 0468
780, Iyana Harrington, 1932/03/17, 3 Bay Meadows St., Des Plaines, 60016,  IL, 817 703 9014
781, Jaylen Vang, 2008/07/17, 835 Myers Drive, Providence, 2904,  RI, 898 967 2353
782, Danica Reilly, 1910/11/20, 660 Adams Street, Fishers, 46037,  IN, 824 393 9466
783, Tyson Wiley, 1980/02/14, 608 Wagon Drive, Apple Valley, 92307,  CA, 406 731 9140
784, Ayaan Blair, 1967/05/8, 619 Goldfield Dr., Bronx, 10451,  NY, 333 664 5003
785, Kenneth Acevedo, 1904/10/26, 73 Carson Ave., Rochester, 14606,  NY, 560 312 1308
786, Santos Sanchez, 1953/01/13, 962 Heritage St., Powder Springs, 30127,  GA, 379 260 9596
787, Mireya Robertson, 1974/10/1, 878 Hill Field Dr., Ashburn, 20147,  VA, 974 223 5896
788, Hayley Shaw, 1913/03/8, 245 Military Rd., New Windsor, 12553,  NY, 769 441 0323
789, Gina Conley, 1948/03/13, 9470 Cherry Dr., Freeport, 11520,  NY, 718 936 9108
790, Tyshawn Boyer, 1930/07/1, 562 Third Drive, Panama City, 32404,  FL, 520 752 8131
791, Alondra Greene, 1959/06/22, 9185 West Rockland Ave., Macomb, 48042,  MI, 228 905 1798
792, Tianna Banks, 2008/05/3, 69 E. Lees Creek St., Jamaica, 11432,  NY, 919 288 7290
793, Jacquelyn Thornton, 1967/12/30, 56 Pacific Ave., Ephrata, 17522,  PA, 965 201 8386
794, Allison Ross, 1956/12/11, 59 Temple Circle, Lorton, 22079,  VA, 914 281 5249
795, Braylon Kelly, 1958/08/16, 96 N. Court St., Yuma, 85365,  AZ, 797 766 0974
796, Gerald Mcdaniel, 1936/08/14, 7576 Fairway Street, Parkville, 21234,  MD, 583 308 9952
797, Frederick Grant, 1910/06/15, 7736 South Vermont Lane, Kent, 44240,  OH, 774 832 5291
798, Corey Monroe, 1936/08/5, 392 S. Vale St., Matthews, 28104,  NC, 268 560 6127
799, Tyshawn Vazquez, 1995/02/8, 226 South Lakewood Ave., Norwalk, 6851,  CT, 692 591 0776
800, Jefferson Rojas, 1974/09/30, 380 Garfield Dr., Hephzibah, 30815,  GA, 709 700 2255
801, Fernando Arias, 1999/06/30, 9497C Mayflower Street, Geneva, 60134,  IL, 615 269 6812
802, Trent Wise, 2000/02/7, 319 Van Dyke Drive, Pleasanton, 94566,  CA, 709 450 1632
803, Paisley Murillo, 1960/03/13, 772 High Point Dr., Wappingers Falls, 12590,  NY, 574 454 9192
804, Milo Strong, 1989/12/27, 9144 Wellington Dr., Williamstown, 8094,  NJ, 883 474 4409
805, Jayleen Duffy, 1956/11/2, 111 Pin Oak Street, Westport, 6880,  CT, 549 356 1565
806, Brynn Everett, 2017/09/16, 706 Longbranch Dr., Kingston, 12401,  NY, 888 589 9421
807, Misael Nielsen, 1930/11/3, 38 Creekside Dr., Dickson, 37055,  TN, 204 310 7876
808, Saniyah Richardson, 1988/12/21, 63 Inverness Ave., Anchorage, 99504,  AK, 503 221 2097
809, Alyssa Mcknight, 2016/11/21, 937 New Avenue, Raeford, 28376,  NC, 668 492 6887
810, Isabelle Leblanc, 1975/08/12, 930 St Paul Rd., Bay Shore, 11706,  NY, 857 875 1348
811, Donald Fletcher, 1912/07/30, 72 South University Ave., Glasgow, 42141,  KY, 700 292 9101
812, Janelle Hammond, 2001/03/14, 913 North Newbridge Rd., La Vergne, 37086,  TN, 495 595 0330
813, Amiyah Summers, 1900/04/3, 8754 Wild Horse St., Skokie, 60076,  IL, 989 678 9050
814, Alma Holt, 1925/02/17, 4 Green Hill St., Largo, 33771,  FL, 822 507 7462
815, Aidyn Riley, 1913/12/5, 7098 Buttonwood St., Buffalo Grove, 60089,  IL, 420 757 6320
816, Ashlee Griffin, 1938/01/27, 7034 Race Ave., New Brunswick, 8901,  NJ, 760 445 5355
817, Lukas Mason, 2004/02/25, 999 Arlington Street, Clarksburg, 26301,  WV, 470 957 4971
818, Avah Howell, 1970/08/2, 8919 W. Marsh St., Downers Grove, 60515,  IL, 517 815 6740
819, Jessie Trujillo, 1910/03/5, 564 Old Holly Lane, Hartsville, 29550,  SC, 859 970 0361
820, Asia Webb, 1948/10/8, 72 Shub Farm Lane, Saint Cloud, 56301,  MN, 863 568 7096
821, Jonas Rush, 1932/07/7, 181 Westminster St., Shelbyville, 37160,  TN, 913 796 3995
822, Rory Wallace, 1919/05/25, 82 Longbranch Street, Cranberry Twp, 16066,  PA, 351 810 2286
823, Athena Hinton, 1931/08/23, 352 Westminster Lane, Carol Stream, 60188,  IL, 641 363 8756
824, Isabel Oneal, 1963/04/2, 8330 Princess Drive, Council Bluffs, 51501,  IA, 421 739 2789
825, Mariyah Huang, 1918/10/4, 75 Beech Rd., Dearborn Heights, 48127,  MI, 312 990 6854
826, Gianna Fletcher, 2000/07/8, 8971 W. Lantern Drive, Tampa, 33604,  FL, 791 918 3943
827, Keshawn Gregory, 1977/11/17, 809 Spruce Court, Graham, 27253,  NC, 755 942 0282
828, Kobe Blackburn, 1911/03/5, 254 Lancaster Court, Hagerstown, 21740,  MD, 460 384 9717
829, Byron Schneider, 2011/06/24, 88 S. Ridge Court, Windsor Mill, 21244,  MD, 824 484 7089
830, Broderick Acosta, 1912/10/31, 15 Glendale Drive, Springboro, 45066,  OH, 890 588 7574
831, Aliza Blackburn, 2001/02/13, 156 Rose Lane, Alliance, 44601,  OH, 851 868 4923
832, Kendall Kemp, 1987/06/10, 56 Wild Horse Lane, Coraopolis, 15108,  PA, 816 352 4684
833, Abel Cervantes, 1908/11/25, 7 North 3rd Ave., Lake Charles, 70605,  LA, 500 655 5295
834, Mathew Frederick, 1969/10/14, 8250 Vermont St., Hastings, 55033,  MN, 459 747 1435
835, Pablo Myers, 1953/02/11, 184 Union Ave., Metairie, 70001,  LA, 759 823 8121
836, Frank Nash, 1918/09/6, 8548 Heritage Dr., Deerfield Beach, 33442,  FL, 732 825 3506
837, Layla Deleon, 2012/03/13, 9428 Pulaski Lane, Wasilla, 99654,  AK, 486 343 2272
838, Jaylin Harding, 1917/03/12, 254 Grove Dr., Nazareth, 18064,  PA, 483 299 2955
839, Skye Henson, 1938/12/20, 298 Cleveland Ave., Winona, 55987,  MN, 508 845 9208
840, Bentley Johnson, 1914/08/19, 49 Cactus St., Buford, 30518,  GA, 289 448 3561
841, Bryant Foster, 1971/06/23, 529 Madison Street, Rochester, 14606,  NY, 856 784 8113
842, Grady Sosa, 1997/03/19, 725 Ryan Drive, Morganton, 28655,  NC, 364 916 2379
843, Kyleigh Butler, 1937/11/24, 7394 Taylor Drive, Elmont, 11003,  NY, 746 242 1963
844, Martha Hernandez, 1952/10/4, 70 Ann Dr., Waltham, 2453,  MA, 206 572 3316
845, Jett Powell, 1943/12/16, 9577 San Pablo Lane, Tonawanda, 14150,  NY, 690 877 1958
846, Chase Velazquez, 2009/06/2, 78 Sulphur Springs Dr., Belmont, 2478,  MA, 289 705 0393
847, Aarav Dawson, 1937/10/14, 187 Alton Ave., Meadville, 16335,  PA, 662 595 8345
848, Johnathon Caldwell, 1917/06/3, 30 East Harrison St., Southgate, 48195,  MI, 616 711 0745
849, Lillianna Spears, 1990/06/5, 498 Summer Street, Powell, 37849,  TN, 464 273 5362
850, Kaitlyn Villanueva, 1938/02/28, 42 W. Cleveland St., Victoria, 77904,  TX, 998 428 6436
851, Cash Mcneil, 1994/05/14, 4 East Airport Ave., Saint Johns, 32259,  FL, 700 461 2361
852, Kelly Mcconnell, 2010/04/29, 9153 Pennington Dr., Wyandotte, 48192,  MI, 272 361 0761
853, Blake Stanley, 1999/05/12, 758 Honey Creek St., Highland Park, 60035,  IL, 574 205 5417
854, Lindsey Duarte, 1963/12/6, 29 Hill Street, Cantonment, 32533,  FL, 616 363 8917
855, Shannon Riggs, 1953/05/26, 9563 Sunnyslope St., North Brunswick, 8902,  NJ, 548 922 5363
856, Kristian Kaufman, 1960/09/10, 53 Shore St., Neptune, 7753,  NJ, 852 339 2528
857, Silas Bullock, 1920/06/13, 533 Evergreen St., Wooster, 44691,  OH, 283 885 5564
858, Cole Butler, 1986/01/1, 14 Homestead St., Caldwell, 7006,  NJ, 904 899 7713
859, Emerson Callahan, 1967/07/28, 7733 Creek Avenue, Indianapolis, 46201,  IN, 357 588 9429
860, Justice Mullins, 2006/07/18, 119 Prospect Street, Dover, 3820,  NH, 828 866 6249
861, Memphis Soto, 1946/04/26, 3 Blackburn Road, Bridgeport, 6606,  CT, 950 802 0708
862, Janae Nielsen, 1998/09/15, 8698 SE. Beech Street, Chapel Hill, 27516,  NC, 923 909 4212
863, Elisha Carroll, 1965/10/23, 144 Nicolls Dr., Merrick, 11566,  NY, 649 948 6275
864, Mikaela Avila, 1967/03/26, 56 Hill Field Street, Willingboro, 8046,  NJ, 286 382 3622
865, Will Gallagher, 1954/04/17, 325 Meadow Ave., Lincoln, 68506,  NE, 734 491 8263
866, Averie Peck, 1974/11/15, 394 School Road, Reidsville, 27320,  NC, 465 388 3301
867, Miguel Aguirre, 1985/02/22, 7387 Briarwood Street, Flushing, 11354,  NY, 764 870 0610
868, Ty Frost, 1933/06/30, 550 North Glen Creek Street, Wyoming, 49509,  MI, 402 745 1961
869, Ava Kramer, 1992/03/15, 90 West Rockwell St., Romulus, 48174,  MI, 963 400 5846
870, Josie Chapman, 1976/10/31, 7758 Hill Dr., New City, 10956,  NY, 220 594 4595
871, Ryder Harmon, 1977/11/19, 8701 Leeton Ridge St., Hopewell, 23860,  VA, 823 595 2288
872, Angelina Glover, 1941/03/7, 66 Adams Ave., Elizabeth, 7202,  NJ, 296 877 0380
873, Eliza Valdez, 1941/02/15, 7889 W. Meadow Ave., Forney, 75126,  TX, 359 914 2378
874, Rowan Christensen, 1970/06/16, 20 South Yukon Street, Great Falls, 59404,  MT, 247 415 7462
875, Lennon Taylor, 1941/07/9, 86 Hilldale Ave., Glendale, 85302,  AZ, 671 958 9530
876, Colton Lucas, 1920/01/14, 472 Indian Spring Avenue, Norcross, 30092,  GA, 283 307 0151
877, Angela Sparks, 1916/10/2, 8242 Ramblewood Ave., Morrisville, 19067,  PA, 541 815 2378
878, Angie Sampson, 2015/08/26, 630 Purple Finch Lane, Kissimmee, 34741,  FL, 294 903 5464
879, Shea Adkins, 1939/06/10, 8887 E. Alderwood St., Langhorne, 19047,  PA, 787 669 1133
880, David Haley, 2015/01/23, 579 West Hill St., Attleboro, 2703,  MA, 951 273 6485
881, Kennedi Hobbs, 2004/03/15, 8204 W. Charles St., Bozeman, 59715,  MT, 228 927 8892
882, Elias Velasquez, 1968/10/26, 8851 Rock Creek Drive, Richmond Hill, 11418,  NY, 439 983 2228
883, Marcus Day, 1954/01/14, 8431 Country St., Laurel, 20707,  MD, 404 933 8035
884, Dennis House, 1938/08/15, 348 Temple Circle, Pomona, 91768,  CA, 805 241 6360
885, Alyvia Moore, 1936/05/10, 21 W. Eagle St., Owosso, 48867,  MI, 562 572 3140
886, Miley Houston, 1947/05/5, 8223 Lake Forest St., Everett, 2149,  MA, 244 942 5897
887, Gunner Barnes, 1938/01/8, 9161 Summit Lane, Brookfield, 53045,  WI, 956 752 1500
888, Nathalia Chung, 1999/09/13, 47 S. Albany Street, Ft Mitchell, 41017,  KY, 759 865 8975
889, Kailee Edwards, 1996/05/12, 24 Cherry Ave., Freehold, 7728,  NJ, 810 928 0377
890, Gwendolyn Gregory, 2000/11/24, 28 Cypress St., Erie, 16506,  PA, 603 880 8560
891, Jocelyn Perez, 1928/12/12, 7053 Bedford Ave., Collegeville, 19426,  PA, 466 661 9906
892, Cael Browning, 1977/02/15, 7807 Center Court, Burlington, 1803,  MA, 762 608 3863
893, Jamarion Baldwin, 1940/08/27, 7053 Proctor St., New Baltimore, 48047,  MI, 823 449 9326
894, Maritza Mcpherson, 2010/04/29, 8656 E. Sunset Dr., Lake Jackson, 77566,  TX, 467 326 9740
895, Eric Buckley, 1912/07/3, 152 Prospect Ave., South Portland, 4106,  ME, 947 529 7585
896, Jaxon Fitzpatrick, 1904/06/16, 578 Glen Creek Ave., Wenatchee, 98801,  WA, 283 370 1722
897, Bailee Whitney, 1980/08/8, 14 Sunnyslope St., North Canton, 44720,  OH, 679 842 5369
898, Gordon Nelson, 1968/11/14, 711 Golden Star Ave., Rockaway, 7866,  NJ, 722 509 1868
899, Oswaldo Palmer, 1963/04/1, 78 Brewery Lane, Newnan, 30263,  GA, 297 600 3765
900, Derick Hopkins, 1990/09/10, 7466 Tanglewood St., Norman, 73072,  OK, 533 236 2229
901, Perla Vargas, 1957/07/23, 9 Clark St., Merrimack, 3054,  NH, 725 795 6058
902, Abraham Mcgee, 1992/06/22, 428 Pine Street, Cuyahoga Falls, 44221,  OH, 700 931 6455
903, Melvin Ray, 1915/05/12, 115 Cemetery St., Bemidji, 56601,  MN, 746 765 4423
904, Halle House, 1921/10/19, 1 S. Greystone St., Sheboygan, 53081,  WI, 265 959 6036
905, Erica Graham, 1983/12/30, 772 Annadale Dr., Old Bridge, 8857,  NJ, 306 892 9347
906, Ryan Benton, 1976/08/29, 564 Green Hill St., Painesville, 44077,  OH, 645 521 5884
907, Audrey Kaiser, 1913/09/6, 53 SW. Wrangler Ave., State College, 16801,  PA, 286 476 6110
908, Angie Cabrera, 1991/09/29, 8295 Cedarwood Street, Jonesborough, 37659,  TN, 486 775 0185
909, Laila Bridges, 1955/05/30, 999 Queen Street, Lowell, 1851,  MA, 541 480 3552
910, Paloma Manning, 1994/12/1, 38 Union Drive, Hope Mills, 28348,  NC, 589 561 4592
911, Elisa Sanchez, 1947/11/6, 9678 Grand Street, Astoria, 11102,  NY, 387 313 7101
912, Richard Williamson, 1942/03/30, 38 Annadale St., Florence, 29501,  SC, 552 273 2516
913, Hezekiah Waller, 1900/11/20, 385 Wall Rd., Morgantown, 26508,  WV, 724 915 2104
914, Yuliana Lara, 1936/02/22, 638 Bear Hill St., Los Banos, 93635,  CA, 623 669 3902
915, Presley Jefferson, 2007/12/21, 732 Homestead Lane, East Orange, 7017,  NJ, 529 830 9162
916, Aditya Maddox, 1927/06/10, 358 School Street, Ballston Spa, 12020,  NY, 988 831 8329
917, Mathew Stevens, 1912/11/9, 21 Beacon St., Brunswick, 31525,  GA, 803 777 2115
918, Mina Waller, 1935/06/2, 483 East Campfire Road, Desoto, 75115,  TX, 842 384 9944
919, Sterling Pace, 1912/03/11, 7998 Lafayette Drive, Deer Park, 11729,  NY, 402 801 0639
920, Riya Bishop, 1947/09/22, 8597 Green Lake Ave., Elizabethton, 37643,  TN, 471 374 7779
921, Anika Cain, 1954/01/2, 61 High Noon St., Hartselle, 35640,  AL, 795 655 3320
922, Ace King, 1937/11/26, 8773 Thomas Avenue, Beaver Falls, 15010,  PA, 272 876 4294
923, Catalina Sanders, 1909/03/9, 122 Wild Rose St., Mount Prospect, 60056,  IL, 822 346 8223
924, Giovanni Phillips, 2006/03/12, 9100 Beech Ave., Circle Pines, 55014,  MN, 596 489 4528
925, Athena Jackson, 1945/06/4, 9081 Miles Court, Osseo, 55311,  MN, 462 795 7768
926, Carter Sawyer, 1907/10/13, 819 Brookside Street, Glenside, 19038,  PA, 527 305 1331
927, Diego Jenkins, 1975/07/25, 49 Gregory Street, Sterling Heights, 48310,  MI, 392 381 5658
928, Aliza Barrera, 1933/10/9, 8338 E. Alton Lane, Greensburg, 15601,  PA, 958 973 1446
929, Seamus Chase, 2019/07/29, 8955 Main St., Winchester, 22601,  VA, 609 495 3105
930, Jair Watts, 2018/05/19, 74 Gartner St., Floral Park, 11001,  NY, 710 557 4712
931, Pamela Grimes, 1977/05/14, 9754 3rd Street, High Point, 27265,  NC, 909 582 4299
932, Georgia Snyder, 1998/02/7, 125 Cemetery Road, Stoughton, 2072,  MA, 897 524 7732
933, Thalia Daugherty, 1900/10/20, 786 E. Fairground Ave., Kalispell, 59901,  MT, 280 732 9754
934, Roman Norton, 1932/04/9, 9296 Willow Street, Superior, 54880,  WI, 413 932 6608
935, Jamiya Farrell, 1957/11/23, 97 Wellington Dr., Grand Haven, 49417,  MI, 768 679 4152
936, Laci Watts, 1957/11/18, 4 Lake Forest Dr., Port Washington, 11050,  NY, 592 590 6225
937, Malaki Villa, 1912/10/18, 6 Lakeshore Ave., Melrose, 2176,  MA, 483 720 4334
938, Jaydon Stark, 1933/09/24, 531 Bayport Ave., Leominster, 1453,  MA, 243 244 0086
939, Peter Manning, 1945/02/7, 689 Hickory St., Upper Darby, 19082,  PA, 786 397 4653
940, Damari Savage, 1950/05/1, 7562 Summer Rd., Pittsfield, 1201,  MA, 701 770 2693
941, Tara Kelly, 1974/10/20, 863 Marlborough Street, Lafayette, 47905,  IN, 659 784 2818
942, Carmen Henry, 2018/05/1, 297 Oxford Street, Port Saint Lucie, 34952,  FL, 404 937 4490
943, Maya Pope, 1999/06/14, 9 East Clinton Street, Park Ridge, 60068,  IL, 351 892 0499
944, Isabelle Macias, 1963/01/14, 93 Bay Meadows St., Westwood, 7675,  NJ, 474 541 6865
945, Nicole Fuentes, 1938/03/22, 329 Addison St., Fleming Island, 32003,  FL, 342 473 7142
946, Riley Branch, 1953/11/9, 26 Rockwell Ave., Sulphur, 70663,  LA, 554 428 5411
947, Maritza Parsons, 2018/08/27, 8189 High St., Urbandale, 50322,  IA, 972 731 1144
948, Miriam Mcgrath, 1970/11/30, 455 Grant Avenue, Palatine, 60067,  IL, 812 473 1954
949, Ashlyn Parker, 1955/04/5, 8237 Alton Drive, Hopkins, 55343,  MN, 703 324 5257
950, Lizeth Mejia, 1994/08/28, 877 Elmwood Ave., South Lyon, 48178,  MI, 763 275 2065
951, Athena Herrera, 1946/11/29, 54 Mayfair St., Carlisle, 17013,  PA, 584 923 0756
952, Erika Mosley, 1924/10/28, 21 North Sherwood Ave., Casselberry, 32707,  FL, 980 280 7914
953, Ashton Jennings, 1917/03/20, 16 Rockcrest Ave., Myrtle Beach, 29577,  SC, 657 660 7029
954, Cash Lopez, 1958/10/16, 8 St Paul St., Lake Villa, 60046,  IL, 376 204 5530
955, Shyanne Cortez, 1933/04/14, 73 Homewood Drive, South Windsor, 6074,  CT, 364 201 1481
956, Rhys Huff, 2011/05/1, 185 Manor Ave., Whitehall, 18052,  PA, 362 325 0903
957, Aliza Vasquez, 1955/01/12, 9238 Wilson St., Algonquin, 60102,  IL, 675 791 7274
958, Aryana Ford, 1964/03/13, 537 Taylor Lane, Bardstown, 40004,  KY, 717 867 6925
959, Alina Spence, 1980/04/7, 37 Bay Rd., Riverview, 33569,  FL, 234 713 7903
960, Kelsie Greer, 1940/07/18, 8435 Roberts Dr., Deland, 32720,  FL, 316 537 8507
961, Azul Frost, 1965/07/31, 9667 South Plumb Branch Court, Mankato, 56001,  MN, 668 885 4710
962, Reid Cobb, 1982/12/11, 421 N. Second Street, Omaha, 68107,  NE, 539 834 7188
963, Tyrell Diaz, 1972/03/16, 842 Canterbury Ave., Amarillo, 79106,  TX, 822 450 9449
964, Martha Mooney, 1914/11/9, 700 Maiden Rd., West Warwick, 2893,  RI, 984 539 8460
965, Leonardo Jimenez, 1929/11/19, 536 S. Birch Hill Street, Rolling Meadows, 60008,  IL, 271 971 4529
966, Noah Rollins, 1901/07/25, 142 Glen Eagles Lane, Hempstead, 11550,  NY, 285 987 0872
967, Rhys Bailey, 1900/03/22, 9085 Van Dyke Drive, Elk Grove Village, 60007,  IL, 972 844 0345
968, Justice Young, 1952/03/29, 69 Devonshire St., Chesterfield, 23832,  VA, 307 438 8937
969, Bryan Garza, 2009/10/26, 8671 Linden Street, East Brunswick, 8816,  NJ, 283 339 1096
970, Evelin Diaz, 1907/06/18, 23 W. State Street, Portland, 4103,  ME, 417 743 3514
971, Kristopher Harris, 1900/09/29, 692 Creek St., Key West, 33040,  FL, 809 388 5482
972, Elle Werner, 1984/08/25, 7466 Hill Field Lane, Waterbury, 6705,  CT, 350 232 1540
973, Leah Graham, 1915/04/6, 43 Theatre Lane, Baldwinsville, 13027,  NY, 667 983 1046
974, Esperanza Bray, 1925/02/21, 970 Amherst St., Centereach, 11720,  NY, 856 409 1780
975, Jimmy Austin, 1976/02/13, 7 Pilgrim Drive, De Pere, 54115,  WI, 700 529 2671
976, Cheyanne Reilly, 1943/03/4, 8 Ashley Street, Toms River, 8753,  NJ, 884 648 0151
977, Keegan Cook, 1935/09/3, 8125 Smoky Hollow Dr., Commack, 11725,  NY, 730 854 3856
978, Francesca Ritter, 2014/11/14, 28 Highland Street, Hampton, 23666,  VA, 916 477 9148
979, Christina Benjamin, 1990/10/25, 785 Highland Rd., Carpentersville, 60110,  IL, 900 623 8619
980, Felicity Shields, 1967/02/9, 8198 Fairfield St., Bethpage, 11714,  NY, 457 564 6743
981, Laci Holden, 1961/07/6, 751 Lower River Road, West Des Moines, 50265,  IA, 475 825 0441
982, Kasey Powell, 1995/08/29, 2 Harrison Road, Ames, 50010,  IA, 526 839 4663
983, Aubrie Barr, 2013/05/4, 8729 South Carson Court, Niceville, 32578,  FL, 422 303 8994
984, Madelynn Hancock, 1917/05/30, 305 Peachtree St., Elyria, 44035,  OH, 974 591 3057
985, Allyson West, 1984/08/31, 292 Alderwood St., Brockton, 2301,  MA, 637 985 0996
986, Alyvia Juarez, 1932/03/27, 41 Railroad St., Riverdale, 30274,  GA, 250 378 0068
987, Isla Frey, 1925/07/23, 250 West Bridge Rd., Paterson, 7501,  NJ, 868 361 2106
988, Zion Zimmerman, 1966/07/12, 888 Poor House Road, Calhoun, 30701,  GA, 481 223 6285
989, Urijah Decker, 2015/05/18, 49 S. Pin Oak Lane, Beckley, 25801,  WV, 449 971 2213
990, Jerimiah Chandler, 1991/05/11, 400 Riverside Lane, Basking Ridge, 7920,  NJ, 700 578 7922
991, Kolton Riley, 1910/10/21, 870 Marshall Street, Mundelein, 60060,  IL, 293 274 2602
992, Slade Gonzalez, 1908/11/13, 467 Creekside Lane, West Palm Beach, 33404,  FL, 327 218 2781
993, Luka Randall, 1982/11/26, 7277 Gulf St., Conyers, 30012,  GA, 305 229 3520
994, Marie Potts, 1969/04/11, 7385 Johnson Lane, Redford, 48239,  MI, 397 919 5293
995, Fiona Barnett, 1927/06/20, 61 State St., Noblesville, 46060,  IN, 743 571 0756
996, Camila Kirk, 2003/05/11, 95C Brook Dr., Jamaica Plain, 2130,  MA, 722 726 2786
997, Philip Stewart, 1910/09/6, 9 Bayport Street, Fresno, 93706,  CA, 590 766 0185
998, Savanah Graham, 1958/11/3, 779 Overlook Lane, Mechanicsburg, 17050,  PA, 819 441 7966
999, Monica Holmes, 1902/05/4, 44 Columbia Ave., West Bloomfield, 48322,  MI, 359 550 2341
1000, Maribel Hensley, 2009/06/28, 800 Broad St., Medina, 44256,  OH, 954 723 1444
